REGION,TIMESLICE,FUEL,YEAR,VALUE
GLOBAL,S1D1,ELCKENXX02,2021,4.1723
GLOBAL,S1D2,ELCKENXX02,2021,4.5516
GLOBAL,S1D3,ELCKENXX02,2021,3.793
GLOBAL,S2D1,ELCKENXX02,2021,4.1723
GLOBAL,S2D2,ELCKENXX02,2021,4.5516
GLOBAL,S2D3,ELCKENXX02,2021,3.793
GLOBAL,S3D1,ELCKENXX02,2021,4.5516
GLOBAL,S3D2,ELCKENXX02,2021,4.9309
GLOBAL,S3D3,ELCKENXX02,2021,3.793
GLOBAL,S1D1,ELCKENXX02,2022,4.5166
GLOBAL,S1D2,ELCKENXX02,2022,4.9272
GLOBAL,S1D3,ELCKENXX02,2022,4.106000000000001
GLOBAL,S2D1,ELCKENXX02,2022,4.5166
GLOBAL,S2D2,ELCKENXX02,2022,4.9272
GLOBAL,S2D3,ELCKENXX02,2022,4.106000000000001
GLOBAL,S3D1,ELCKENXX02,2022,4.9272
GLOBAL,S3D2,ELCKENXX02,2022,5.3378000000000005
GLOBAL,S3D3,ELCKENXX02,2022,4.106000000000001
GLOBAL,S1D1,ELCKENXX02,2023,4.8598
GLOBAL,S1D2,ELCKENXX02,2023,5.3016
GLOBAL,S1D3,ELCKENXX02,2023,4.418
GLOBAL,S2D1,ELCKENXX02,2023,4.8598
GLOBAL,S2D2,ELCKENXX02,2023,5.3016
GLOBAL,S2D3,ELCKENXX02,2023,4.418
GLOBAL,S3D1,ELCKENXX02,2023,5.3016
GLOBAL,S3D2,ELCKENXX02,2023,5.7434
GLOBAL,S3D3,ELCKENXX02,2023,4.418
GLOBAL,S1D1,ELCKENXX02,2024,5.202999999999999
GLOBAL,S1D2,ELCKENXX02,2024,5.675999999999999
GLOBAL,S1D3,ELCKENXX02,2024,4.7299999999999995
GLOBAL,S2D1,ELCKENXX02,2024,5.202999999999999
GLOBAL,S2D2,ELCKENXX02,2024,5.675999999999999
GLOBAL,S2D3,ELCKENXX02,2024,4.7299999999999995
GLOBAL,S3D1,ELCKENXX02,2024,5.675999999999999
GLOBAL,S3D2,ELCKENXX02,2024,6.149
GLOBAL,S3D3,ELCKENXX02,2024,4.7299999999999995
GLOBAL,S1D1,ELCKENXX02,2025,5.5473
GLOBAL,S1D2,ELCKENXX02,2025,6.0516
GLOBAL,S1D3,ELCKENXX02,2025,5.043
GLOBAL,S2D1,ELCKENXX02,2025,5.5473
GLOBAL,S2D2,ELCKENXX02,2025,6.0516
GLOBAL,S2D3,ELCKENXX02,2025,5.043
GLOBAL,S3D1,ELCKENXX02,2025,6.0516
GLOBAL,S3D2,ELCKENXX02,2025,6.5559
GLOBAL,S3D3,ELCKENXX02,2025,5.043
GLOBAL,S1D1,ELCKENXX02,2026,6.015899999999999
GLOBAL,S1D2,ELCKENXX02,2026,6.562799999999999
GLOBAL,S1D3,ELCKENXX02,2026,5.469
GLOBAL,S2D1,ELCKENXX02,2026,6.015899999999999
GLOBAL,S2D2,ELCKENXX02,2026,6.562799999999999
GLOBAL,S2D3,ELCKENXX02,2026,5.469
GLOBAL,S3D1,ELCKENXX02,2026,6.562799999999999
GLOBAL,S3D2,ELCKENXX02,2026,7.1097
GLOBAL,S3D3,ELCKENXX02,2026,5.469
GLOBAL,S1D1,ELCKENXX02,2027,6.484500000000001
GLOBAL,S1D2,ELCKENXX02,2027,7.074
GLOBAL,S1D3,ELCKENXX02,2027,5.8950000000000005
GLOBAL,S2D1,ELCKENXX02,2027,6.484500000000001
GLOBAL,S2D2,ELCKENXX02,2027,7.074
GLOBAL,S2D3,ELCKENXX02,2027,5.8950000000000005
GLOBAL,S3D1,ELCKENXX02,2027,7.074
GLOBAL,S3D2,ELCKENXX02,2027,7.663500000000001
GLOBAL,S3D3,ELCKENXX02,2027,5.8950000000000005
GLOBAL,S1D1,ELCKENXX02,2028,6.9531
GLOBAL,S1D2,ELCKENXX02,2028,7.5851999999999995
GLOBAL,S1D3,ELCKENXX02,2028,6.321000000000001
GLOBAL,S2D1,ELCKENXX02,2028,6.9531
GLOBAL,S2D2,ELCKENXX02,2028,7.5851999999999995
GLOBAL,S2D3,ELCKENXX02,2028,6.321000000000001
GLOBAL,S3D1,ELCKENXX02,2028,7.5851999999999995
GLOBAL,S3D2,ELCKENXX02,2028,8.2173
GLOBAL,S3D3,ELCKENXX02,2028,6.321000000000001
GLOBAL,S1D1,ELCKENXX02,2029,7.4228000000000005
GLOBAL,S1D2,ELCKENXX02,2029,8.0976
GLOBAL,S1D3,ELCKENXX02,2029,6.748000000000001
GLOBAL,S2D1,ELCKENXX02,2029,7.4228000000000005
GLOBAL,S2D2,ELCKENXX02,2029,8.0976
GLOBAL,S2D3,ELCKENXX02,2029,6.748000000000001
GLOBAL,S3D1,ELCKENXX02,2029,8.0976
GLOBAL,S3D2,ELCKENXX02,2029,8.772400000000001
GLOBAL,S3D3,ELCKENXX02,2029,6.748000000000001
GLOBAL,S1D1,ELCKENXX02,2030,7.891399999999999
GLOBAL,S1D2,ELCKENXX02,2030,8.608799999999999
GLOBAL,S1D3,ELCKENXX02,2030,7.1739999999999995
GLOBAL,S2D1,ELCKENXX02,2030,7.891399999999999
GLOBAL,S2D2,ELCKENXX02,2030,8.608799999999999
GLOBAL,S2D3,ELCKENXX02,2030,7.1739999999999995
GLOBAL,S3D1,ELCKENXX02,2030,8.608799999999999
GLOBAL,S3D2,ELCKENXX02,2030,9.3262
GLOBAL,S3D3,ELCKENXX02,2030,7.1739999999999995
GLOBAL,S1D1,ELCKENXX02,2031,8.431500000000002
GLOBAL,S1D2,ELCKENXX02,2031,9.198
GLOBAL,S1D3,ELCKENXX02,2031,7.665000000000001
GLOBAL,S2D1,ELCKENXX02,2031,8.431500000000002
GLOBAL,S2D2,ELCKENXX02,2031,9.198
GLOBAL,S2D3,ELCKENXX02,2031,7.665000000000001
GLOBAL,S3D1,ELCKENXX02,2031,9.198
GLOBAL,S3D2,ELCKENXX02,2031,9.964500000000001
GLOBAL,S3D3,ELCKENXX02,2031,7.665000000000001
GLOBAL,S1D1,ELCKENXX02,2032,8.9705
GLOBAL,S1D2,ELCKENXX02,2032,9.786
GLOBAL,S1D3,ELCKENXX02,2032,8.155
GLOBAL,S2D1,ELCKENXX02,2032,8.9705
GLOBAL,S2D2,ELCKENXX02,2032,9.786
GLOBAL,S2D3,ELCKENXX02,2032,8.155
GLOBAL,S3D1,ELCKENXX02,2032,9.786
GLOBAL,S3D2,ELCKENXX02,2032,10.6015
GLOBAL,S3D3,ELCKENXX02,2032,8.155
GLOBAL,S1D1,ELCKENXX02,2033,9.5106
GLOBAL,S1D2,ELCKENXX02,2033,10.3752
GLOBAL,S1D3,ELCKENXX02,2033,8.645999999999999
GLOBAL,S2D1,ELCKENXX02,2033,9.5106
GLOBAL,S2D2,ELCKENXX02,2033,10.3752
GLOBAL,S2D3,ELCKENXX02,2033,8.645999999999999
GLOBAL,S3D1,ELCKENXX02,2033,10.3752
GLOBAL,S3D2,ELCKENXX02,2033,11.239799999999999
GLOBAL,S3D3,ELCKENXX02,2033,8.645999999999999
GLOBAL,S1D1,ELCKENXX02,2034,10.0507
GLOBAL,S1D2,ELCKENXX02,2034,10.9644
GLOBAL,S1D3,ELCKENXX02,2034,9.137
GLOBAL,S2D1,ELCKENXX02,2034,10.0507
GLOBAL,S2D2,ELCKENXX02,2034,10.9644
GLOBAL,S2D3,ELCKENXX02,2034,9.137
GLOBAL,S3D1,ELCKENXX02,2034,10.9644
GLOBAL,S3D2,ELCKENXX02,2034,11.878100000000002
GLOBAL,S3D3,ELCKENXX02,2034,9.137
GLOBAL,S1D1,ELCKENXX02,2035,10.589699999999999
GLOBAL,S1D2,ELCKENXX02,2035,11.552399999999999
GLOBAL,S1D3,ELCKENXX02,2035,9.627
GLOBAL,S2D1,ELCKENXX02,2035,10.589699999999999
GLOBAL,S2D2,ELCKENXX02,2035,11.552399999999999
GLOBAL,S2D3,ELCKENXX02,2035,9.627
GLOBAL,S3D1,ELCKENXX02,2035,11.552399999999999
GLOBAL,S3D2,ELCKENXX02,2035,12.5151
GLOBAL,S3D3,ELCKENXX02,2035,9.627
GLOBAL,S1D1,ELCKENXX02,2036,11.214500000000001
GLOBAL,S1D2,ELCKENXX02,2036,12.234
GLOBAL,S1D3,ELCKENXX02,2036,10.195
GLOBAL,S2D1,ELCKENXX02,2036,11.214500000000001
GLOBAL,S2D2,ELCKENXX02,2036,12.234
GLOBAL,S2D3,ELCKENXX02,2036,10.195
GLOBAL,S3D1,ELCKENXX02,2036,12.234
GLOBAL,S3D2,ELCKENXX02,2036,13.2535
GLOBAL,S3D3,ELCKENXX02,2036,10.195
GLOBAL,S1D1,ELCKENXX02,2037,11.8382
GLOBAL,S1D2,ELCKENXX02,2037,12.9144
GLOBAL,S1D3,ELCKENXX02,2037,10.762
GLOBAL,S2D1,ELCKENXX02,2037,11.8382
GLOBAL,S2D2,ELCKENXX02,2037,12.9144
GLOBAL,S2D3,ELCKENXX02,2037,10.762
GLOBAL,S3D1,ELCKENXX02,2037,12.9144
GLOBAL,S3D2,ELCKENXX02,2037,13.9906
GLOBAL,S3D3,ELCKENXX02,2037,10.762
GLOBAL,S1D1,ELCKENXX02,2038,12.463
GLOBAL,S1D2,ELCKENXX02,2038,13.595999999999998
GLOBAL,S1D3,ELCKENXX02,2038,11.33
GLOBAL,S2D1,ELCKENXX02,2038,12.463
GLOBAL,S2D2,ELCKENXX02,2038,13.595999999999998
GLOBAL,S2D3,ELCKENXX02,2038,11.33
GLOBAL,S3D1,ELCKENXX02,2038,13.595999999999998
GLOBAL,S3D2,ELCKENXX02,2038,14.729000000000001
GLOBAL,S3D3,ELCKENXX02,2038,11.33
GLOBAL,S1D1,ELCKENXX02,2039,13.0867
GLOBAL,S1D2,ELCKENXX02,2039,14.276399999999999
GLOBAL,S1D3,ELCKENXX02,2039,11.897
GLOBAL,S2D1,ELCKENXX02,2039,13.0867
GLOBAL,S2D2,ELCKENXX02,2039,14.276399999999999
GLOBAL,S2D3,ELCKENXX02,2039,11.897
GLOBAL,S3D1,ELCKENXX02,2039,14.276399999999999
GLOBAL,S3D2,ELCKENXX02,2039,15.4661
GLOBAL,S3D3,ELCKENXX02,2039,11.897
GLOBAL,S1D1,ELCKENXX02,2040,13.711500000000001
GLOBAL,S1D2,ELCKENXX02,2040,14.958
GLOBAL,S1D3,ELCKENXX02,2040,12.465000000000002
GLOBAL,S2D1,ELCKENXX02,2040,13.711500000000001
GLOBAL,S2D2,ELCKENXX02,2040,14.958
GLOBAL,S2D3,ELCKENXX02,2040,12.465000000000002
GLOBAL,S3D1,ELCKENXX02,2040,14.958
GLOBAL,S3D2,ELCKENXX02,2040,16.204500000000003
GLOBAL,S3D3,ELCKENXX02,2040,12.465000000000002
GLOBAL,S1D1,ELCKENXX02,2041,14.486999999999998
GLOBAL,S1D2,ELCKENXX02,2041,15.803999999999998
GLOBAL,S1D3,ELCKENXX02,2041,13.17
GLOBAL,S2D1,ELCKENXX02,2041,14.486999999999998
GLOBAL,S2D2,ELCKENXX02,2041,15.803999999999998
GLOBAL,S2D3,ELCKENXX02,2041,13.17
GLOBAL,S3D1,ELCKENXX02,2041,15.803999999999998
GLOBAL,S3D2,ELCKENXX02,2041,17.121
GLOBAL,S3D3,ELCKENXX02,2041,13.17
GLOBAL,S1D1,ELCKENXX02,2042,15.2625
GLOBAL,S1D2,ELCKENXX02,2042,16.65
GLOBAL,S1D3,ELCKENXX02,2042,13.875
GLOBAL,S2D1,ELCKENXX02,2042,15.2625
GLOBAL,S2D2,ELCKENXX02,2042,16.65
GLOBAL,S2D3,ELCKENXX02,2042,13.875
GLOBAL,S3D1,ELCKENXX02,2042,16.65
GLOBAL,S3D2,ELCKENXX02,2042,18.0375
GLOBAL,S3D3,ELCKENXX02,2042,13.875
GLOBAL,S1D1,ELCKENXX02,2043,16.0369
GLOBAL,S1D2,ELCKENXX02,2043,17.494799999999998
GLOBAL,S1D3,ELCKENXX02,2043,14.579
GLOBAL,S2D1,ELCKENXX02,2043,16.0369
GLOBAL,S2D2,ELCKENXX02,2043,17.494799999999998
GLOBAL,S2D3,ELCKENXX02,2043,14.579
GLOBAL,S3D1,ELCKENXX02,2043,17.494799999999998
GLOBAL,S3D2,ELCKENXX02,2043,18.9527
GLOBAL,S3D3,ELCKENXX02,2043,14.579
GLOBAL,S1D1,ELCKENXX02,2044,16.8124
GLOBAL,S1D2,ELCKENXX02,2044,18.340799999999998
GLOBAL,S1D3,ELCKENXX02,2044,15.284
GLOBAL,S2D1,ELCKENXX02,2044,16.8124
GLOBAL,S2D2,ELCKENXX02,2044,18.340799999999998
GLOBAL,S2D3,ELCKENXX02,2044,15.284
GLOBAL,S3D1,ELCKENXX02,2044,18.340799999999998
GLOBAL,S3D2,ELCKENXX02,2044,19.869200000000003
GLOBAL,S3D3,ELCKENXX02,2044,15.284
GLOBAL,S1D1,ELCKENXX02,2045,17.587899999999998
GLOBAL,S1D2,ELCKENXX02,2045,19.186799999999998
GLOBAL,S1D3,ELCKENXX02,2045,15.988999999999999
GLOBAL,S2D1,ELCKENXX02,2045,17.587899999999998
GLOBAL,S2D2,ELCKENXX02,2045,19.186799999999998
GLOBAL,S2D3,ELCKENXX02,2045,15.988999999999999
GLOBAL,S3D1,ELCKENXX02,2045,19.186799999999998
GLOBAL,S3D2,ELCKENXX02,2045,20.7857
GLOBAL,S3D3,ELCKENXX02,2045,15.988999999999999
GLOBAL,S1D1,ELCKENXX02,2046,18.560299999999998
GLOBAL,S1D2,ELCKENXX02,2046,20.2476
GLOBAL,S1D3,ELCKENXX02,2046,16.873
GLOBAL,S2D1,ELCKENXX02,2046,18.560299999999998
GLOBAL,S2D2,ELCKENXX02,2046,20.2476
GLOBAL,S2D3,ELCKENXX02,2046,16.873
GLOBAL,S3D1,ELCKENXX02,2046,20.2476
GLOBAL,S3D2,ELCKENXX02,2046,21.9349
GLOBAL,S3D3,ELCKENXX02,2046,16.873
GLOBAL,S1D1,ELCKENXX02,2047,19.533800000000003
GLOBAL,S1D2,ELCKENXX02,2047,21.3096
GLOBAL,S1D3,ELCKENXX02,2047,17.758000000000003
GLOBAL,S2D1,ELCKENXX02,2047,19.533800000000003
GLOBAL,S2D2,ELCKENXX02,2047,21.3096
GLOBAL,S2D3,ELCKENXX02,2047,17.758000000000003
GLOBAL,S3D1,ELCKENXX02,2047,21.3096
GLOBAL,S3D2,ELCKENXX02,2047,23.085400000000003
GLOBAL,S3D3,ELCKENXX02,2047,17.758000000000003
GLOBAL,S1D1,ELCKENXX02,2048,20.5062
GLOBAL,S1D2,ELCKENXX02,2048,22.370399999999997
GLOBAL,S1D3,ELCKENXX02,2048,18.642
GLOBAL,S2D1,ELCKENXX02,2048,20.5062
GLOBAL,S2D2,ELCKENXX02,2048,22.370399999999997
GLOBAL,S2D3,ELCKENXX02,2048,18.642
GLOBAL,S3D1,ELCKENXX02,2048,22.370399999999997
GLOBAL,S3D2,ELCKENXX02,2048,24.2346
GLOBAL,S3D3,ELCKENXX02,2048,18.642
GLOBAL,S1D1,ELCKENXX02,2049,21.4786
GLOBAL,S1D2,ELCKENXX02,2049,23.431199999999997
GLOBAL,S1D3,ELCKENXX02,2049,19.526
GLOBAL,S2D1,ELCKENXX02,2049,21.4786
GLOBAL,S2D2,ELCKENXX02,2049,23.431199999999997
GLOBAL,S2D3,ELCKENXX02,2049,19.526
GLOBAL,S3D1,ELCKENXX02,2049,23.431199999999997
GLOBAL,S3D2,ELCKENXX02,2049,25.3838
GLOBAL,S3D3,ELCKENXX02,2049,19.526
GLOBAL,S1D1,ELCKENXX02,2050,22.4521
GLOBAL,S1D2,ELCKENXX02,2050,24.4932
GLOBAL,S1D3,ELCKENXX02,2050,20.411
GLOBAL,S2D1,ELCKENXX02,2050,22.4521
GLOBAL,S2D2,ELCKENXX02,2050,24.4932
GLOBAL,S2D3,ELCKENXX02,2050,20.411
GLOBAL,S3D1,ELCKENXX02,2050,24.4932
GLOBAL,S3D2,ELCKENXX02,2050,26.5343
GLOBAL,S3D3,ELCKENXX02,2050,20.411
GLOBAL,S1D1,ELCTZAXX02,2021,5.321000000000001
GLOBAL,S1D2,ELCTZAXX02,2021,6.3852
GLOBAL,S1D3,ELCTZAXX02,2021,5.8531
GLOBAL,S2D1,ELCTZAXX02,2021,5.321000000000001
GLOBAL,S2D2,ELCTZAXX02,2021,6.3852
GLOBAL,S2D3,ELCTZAXX02,2021,5.321000000000001
GLOBAL,S3D1,ELCTZAXX02,2021,5.8531
GLOBAL,S3D2,ELCTZAXX02,2021,6.9173
GLOBAL,S3D3,ELCTZAXX02,2021,5.8531
GLOBAL,S1D1,ELCTZAXX02,2022,5.813000000000001
GLOBAL,S1D2,ELCTZAXX02,2022,6.9756
GLOBAL,S1D3,ELCTZAXX02,2022,6.3943
GLOBAL,S2D1,ELCTZAXX02,2022,5.813000000000001
GLOBAL,S2D2,ELCTZAXX02,2022,6.9756
GLOBAL,S2D3,ELCTZAXX02,2022,5.813000000000001
GLOBAL,S3D1,ELCTZAXX02,2022,6.3943
GLOBAL,S3D2,ELCTZAXX02,2022,7.556900000000001
GLOBAL,S3D3,ELCTZAXX02,2022,6.3943
GLOBAL,S1D1,ELCTZAXX02,2023,6.305
GLOBAL,S1D2,ELCTZAXX02,2023,7.565999999999999
GLOBAL,S1D3,ELCTZAXX02,2023,6.935499999999999
GLOBAL,S2D1,ELCTZAXX02,2023,6.305
GLOBAL,S2D2,ELCTZAXX02,2023,7.565999999999999
GLOBAL,S2D3,ELCTZAXX02,2023,6.305
GLOBAL,S3D1,ELCTZAXX02,2023,6.935499999999999
GLOBAL,S3D2,ELCTZAXX02,2023,8.1965
GLOBAL,S3D3,ELCTZAXX02,2023,6.935499999999999
GLOBAL,S1D1,ELCTZAXX02,2024,6.798000000000001
GLOBAL,S1D2,ELCTZAXX02,2024,8.1576
GLOBAL,S1D3,ELCTZAXX02,2024,7.4778
GLOBAL,S2D1,ELCTZAXX02,2024,6.798000000000001
GLOBAL,S2D2,ELCTZAXX02,2024,8.1576
GLOBAL,S2D3,ELCTZAXX02,2024,6.798000000000001
GLOBAL,S3D1,ELCTZAXX02,2024,7.4778
GLOBAL,S3D2,ELCTZAXX02,2024,8.8374
GLOBAL,S3D3,ELCTZAXX02,2024,7.4778
GLOBAL,S1D1,ELCTZAXX02,2025,7.290000000000001
GLOBAL,S1D2,ELCTZAXX02,2025,8.748000000000001
GLOBAL,S1D3,ELCTZAXX02,2025,8.019
GLOBAL,S2D1,ELCTZAXX02,2025,7.290000000000001
GLOBAL,S2D2,ELCTZAXX02,2025,8.748000000000001
GLOBAL,S2D3,ELCTZAXX02,2025,7.290000000000001
GLOBAL,S3D1,ELCTZAXX02,2025,8.019
GLOBAL,S3D2,ELCTZAXX02,2025,9.477
GLOBAL,S3D3,ELCTZAXX02,2025,8.019
GLOBAL,S1D1,ELCTZAXX02,2026,7.915000000000001
GLOBAL,S1D2,ELCTZAXX02,2026,9.498000000000001
GLOBAL,S1D3,ELCTZAXX02,2026,8.7065
GLOBAL,S2D1,ELCTZAXX02,2026,7.915000000000001
GLOBAL,S2D2,ELCTZAXX02,2026,9.498000000000001
GLOBAL,S2D3,ELCTZAXX02,2026,7.915000000000001
GLOBAL,S3D1,ELCTZAXX02,2026,8.7065
GLOBAL,S3D2,ELCTZAXX02,2026,10.2895
GLOBAL,S3D3,ELCTZAXX02,2026,8.7065
GLOBAL,S1D1,ELCTZAXX02,2027,8.539
GLOBAL,S1D2,ELCTZAXX02,2027,10.2468
GLOBAL,S1D3,ELCTZAXX02,2027,9.392900000000001
GLOBAL,S2D1,ELCTZAXX02,2027,8.539
GLOBAL,S2D2,ELCTZAXX02,2027,10.2468
GLOBAL,S2D3,ELCTZAXX02,2027,8.539
GLOBAL,S3D1,ELCTZAXX02,2027,9.392900000000001
GLOBAL,S3D2,ELCTZAXX02,2027,11.1007
GLOBAL,S3D3,ELCTZAXX02,2027,9.392900000000001
GLOBAL,S1D1,ELCTZAXX02,2028,9.164
GLOBAL,S1D2,ELCTZAXX02,2028,10.9968
GLOBAL,S1D3,ELCTZAXX02,2028,10.080400000000001
GLOBAL,S2D1,ELCTZAXX02,2028,9.164
GLOBAL,S2D2,ELCTZAXX02,2028,10.9968
GLOBAL,S2D3,ELCTZAXX02,2028,9.164
GLOBAL,S3D1,ELCTZAXX02,2028,10.080400000000001
GLOBAL,S3D2,ELCTZAXX02,2028,11.9132
GLOBAL,S3D3,ELCTZAXX02,2028,10.080400000000001
GLOBAL,S1D1,ELCTZAXX02,2029,9.789000000000001
GLOBAL,S1D2,ELCTZAXX02,2029,11.7468
GLOBAL,S1D3,ELCTZAXX02,2029,10.767900000000001
GLOBAL,S2D1,ELCTZAXX02,2029,9.789000000000001
GLOBAL,S2D2,ELCTZAXX02,2029,11.7468
GLOBAL,S2D3,ELCTZAXX02,2029,9.789000000000001
GLOBAL,S3D1,ELCTZAXX02,2029,10.767900000000001
GLOBAL,S3D2,ELCTZAXX02,2029,12.7257
GLOBAL,S3D3,ELCTZAXX02,2029,10.767900000000001
GLOBAL,S1D1,ELCTZAXX02,2030,10.414000000000001
GLOBAL,S1D2,ELCTZAXX02,2030,12.4968
GLOBAL,S1D3,ELCTZAXX02,2030,11.455400000000001
GLOBAL,S2D1,ELCTZAXX02,2030,10.414000000000001
GLOBAL,S2D2,ELCTZAXX02,2030,12.4968
GLOBAL,S2D3,ELCTZAXX02,2030,10.414000000000001
GLOBAL,S3D1,ELCTZAXX02,2030,11.455400000000001
GLOBAL,S3D2,ELCTZAXX02,2030,13.5382
GLOBAL,S3D3,ELCTZAXX02,2030,11.455400000000001
GLOBAL,S1D1,ELCTZAXX02,2031,11.169
GLOBAL,S1D2,ELCTZAXX02,2031,13.4028
GLOBAL,S1D3,ELCTZAXX02,2031,12.2859
GLOBAL,S2D1,ELCTZAXX02,2031,11.169
GLOBAL,S2D2,ELCTZAXX02,2031,13.4028
GLOBAL,S2D3,ELCTZAXX02,2031,11.169
GLOBAL,S3D1,ELCTZAXX02,2031,12.2859
GLOBAL,S3D2,ELCTZAXX02,2031,14.5197
GLOBAL,S3D3,ELCTZAXX02,2031,12.2859
GLOBAL,S1D1,ELCTZAXX02,2032,11.925
GLOBAL,S1D2,ELCTZAXX02,2032,14.309999999999999
GLOBAL,S1D3,ELCTZAXX02,2032,13.1175
GLOBAL,S2D1,ELCTZAXX02,2032,11.925
GLOBAL,S2D2,ELCTZAXX02,2032,14.309999999999999
GLOBAL,S2D3,ELCTZAXX02,2032,11.925
GLOBAL,S3D1,ELCTZAXX02,2032,13.1175
GLOBAL,S3D2,ELCTZAXX02,2032,15.502500000000001
GLOBAL,S3D3,ELCTZAXX02,2032,13.1175
GLOBAL,S1D1,ELCTZAXX02,2033,12.681000000000001
GLOBAL,S1D2,ELCTZAXX02,2033,15.2172
GLOBAL,S1D3,ELCTZAXX02,2033,13.9491
GLOBAL,S2D1,ELCTZAXX02,2033,12.681000000000001
GLOBAL,S2D2,ELCTZAXX02,2033,15.2172
GLOBAL,S2D3,ELCTZAXX02,2033,12.681000000000001
GLOBAL,S3D1,ELCTZAXX02,2033,13.9491
GLOBAL,S3D2,ELCTZAXX02,2033,16.485300000000002
GLOBAL,S3D3,ELCTZAXX02,2033,13.9491
GLOBAL,S1D1,ELCTZAXX02,2034,13.436000000000002
GLOBAL,S1D2,ELCTZAXX02,2034,16.1232
GLOBAL,S1D3,ELCTZAXX02,2034,14.779600000000002
GLOBAL,S2D1,ELCTZAXX02,2034,13.436000000000002
GLOBAL,S2D2,ELCTZAXX02,2034,16.1232
GLOBAL,S2D3,ELCTZAXX02,2034,13.436000000000002
GLOBAL,S3D1,ELCTZAXX02,2034,14.779600000000002
GLOBAL,S3D2,ELCTZAXX02,2034,17.466800000000003
GLOBAL,S3D3,ELCTZAXX02,2034,14.779600000000002
GLOBAL,S1D1,ELCTZAXX02,2035,14.192
GLOBAL,S1D2,ELCTZAXX02,2035,17.030399999999997
GLOBAL,S1D3,ELCTZAXX02,2035,15.611199999999998
GLOBAL,S2D1,ELCTZAXX02,2035,14.192
GLOBAL,S2D2,ELCTZAXX02,2035,17.030399999999997
GLOBAL,S2D3,ELCTZAXX02,2035,14.192
GLOBAL,S3D1,ELCTZAXX02,2035,15.611199999999998
GLOBAL,S3D2,ELCTZAXX02,2035,18.4496
GLOBAL,S3D3,ELCTZAXX02,2035,15.611199999999998
GLOBAL,S1D1,ELCTZAXX02,2036,15.090000000000002
GLOBAL,S1D2,ELCTZAXX02,2036,18.108
GLOBAL,S1D3,ELCTZAXX02,2036,16.599
GLOBAL,S2D1,ELCTZAXX02,2036,15.090000000000002
GLOBAL,S2D2,ELCTZAXX02,2036,18.108
GLOBAL,S2D3,ELCTZAXX02,2036,15.090000000000002
GLOBAL,S3D1,ELCTZAXX02,2036,16.599
GLOBAL,S3D2,ELCTZAXX02,2036,19.617
GLOBAL,S3D3,ELCTZAXX02,2036,16.599
GLOBAL,S1D1,ELCTZAXX02,2037,15.988
GLOBAL,S1D2,ELCTZAXX02,2037,19.185599999999997
GLOBAL,S1D3,ELCTZAXX02,2037,17.5868
GLOBAL,S2D1,ELCTZAXX02,2037,15.988
GLOBAL,S2D2,ELCTZAXX02,2037,19.185599999999997
GLOBAL,S2D3,ELCTZAXX02,2037,15.988
GLOBAL,S3D1,ELCTZAXX02,2037,17.5868
GLOBAL,S3D2,ELCTZAXX02,2037,20.7844
GLOBAL,S3D3,ELCTZAXX02,2037,17.5868
GLOBAL,S1D1,ELCTZAXX02,2038,16.885
GLOBAL,S1D2,ELCTZAXX02,2038,20.261999999999997
GLOBAL,S1D3,ELCTZAXX02,2038,18.5735
GLOBAL,S2D1,ELCTZAXX02,2038,16.885
GLOBAL,S2D2,ELCTZAXX02,2038,20.261999999999997
GLOBAL,S2D3,ELCTZAXX02,2038,16.885
GLOBAL,S3D1,ELCTZAXX02,2038,18.5735
GLOBAL,S3D2,ELCTZAXX02,2038,21.9505
GLOBAL,S3D3,ELCTZAXX02,2038,18.5735
GLOBAL,S1D1,ELCTZAXX02,2039,17.783
GLOBAL,S1D2,ELCTZAXX02,2039,21.3396
GLOBAL,S1D3,ELCTZAXX02,2039,19.561300000000003
GLOBAL,S2D1,ELCTZAXX02,2039,17.783
GLOBAL,S2D2,ELCTZAXX02,2039,21.3396
GLOBAL,S2D3,ELCTZAXX02,2039,17.783
GLOBAL,S3D1,ELCTZAXX02,2039,19.561300000000003
GLOBAL,S3D2,ELCTZAXX02,2039,23.117900000000002
GLOBAL,S3D3,ELCTZAXX02,2039,19.561300000000003
GLOBAL,S1D1,ELCTZAXX02,2040,18.681
GLOBAL,S1D2,ELCTZAXX02,2040,22.4172
GLOBAL,S1D3,ELCTZAXX02,2040,20.5491
GLOBAL,S2D1,ELCTZAXX02,2040,18.681
GLOBAL,S2D2,ELCTZAXX02,2040,22.4172
GLOBAL,S2D3,ELCTZAXX02,2040,18.681
GLOBAL,S3D1,ELCTZAXX02,2040,20.5491
GLOBAL,S3D2,ELCTZAXX02,2040,24.2853
GLOBAL,S3D3,ELCTZAXX02,2040,20.5491
GLOBAL,S1D1,ELCTZAXX02,2041,19.742
GLOBAL,S1D2,ELCTZAXX02,2041,23.690399999999997
GLOBAL,S1D3,ELCTZAXX02,2041,21.716199999999997
GLOBAL,S2D1,ELCTZAXX02,2041,19.742
GLOBAL,S2D2,ELCTZAXX02,2041,23.690399999999997
GLOBAL,S2D3,ELCTZAXX02,2041,19.742
GLOBAL,S3D1,ELCTZAXX02,2041,21.716199999999997
GLOBAL,S3D2,ELCTZAXX02,2041,25.6646
GLOBAL,S3D3,ELCTZAXX02,2041,21.716199999999997
GLOBAL,S1D1,ELCTZAXX02,2042,20.804000000000002
GLOBAL,S1D2,ELCTZAXX02,2042,24.964799999999997
GLOBAL,S1D3,ELCTZAXX02,2042,22.8844
GLOBAL,S2D1,ELCTZAXX02,2042,20.804000000000002
GLOBAL,S2D2,ELCTZAXX02,2042,24.964799999999997
GLOBAL,S2D3,ELCTZAXX02,2042,20.804000000000002
GLOBAL,S3D1,ELCTZAXX02,2042,22.8844
GLOBAL,S3D2,ELCTZAXX02,2042,27.0452
GLOBAL,S3D3,ELCTZAXX02,2042,22.8844
GLOBAL,S1D1,ELCTZAXX02,2043,21.865000000000002
GLOBAL,S1D2,ELCTZAXX02,2043,26.238
GLOBAL,S1D3,ELCTZAXX02,2043,24.0515
GLOBAL,S2D1,ELCTZAXX02,2043,21.865000000000002
GLOBAL,S2D2,ELCTZAXX02,2043,26.238
GLOBAL,S2D3,ELCTZAXX02,2043,21.865000000000002
GLOBAL,S3D1,ELCTZAXX02,2043,24.0515
GLOBAL,S3D2,ELCTZAXX02,2043,28.424500000000002
GLOBAL,S3D3,ELCTZAXX02,2043,24.0515
GLOBAL,S1D1,ELCTZAXX02,2044,22.926000000000002
GLOBAL,S1D2,ELCTZAXX02,2044,27.5112
GLOBAL,S1D3,ELCTZAXX02,2044,25.2186
GLOBAL,S2D1,ELCTZAXX02,2044,22.926000000000002
GLOBAL,S2D2,ELCTZAXX02,2044,27.5112
GLOBAL,S2D3,ELCTZAXX02,2044,22.926000000000002
GLOBAL,S3D1,ELCTZAXX02,2044,25.2186
GLOBAL,S3D2,ELCTZAXX02,2044,29.8038
GLOBAL,S3D3,ELCTZAXX02,2044,25.2186
GLOBAL,S1D1,ELCTZAXX02,2045,23.987000000000002
GLOBAL,S1D2,ELCTZAXX02,2045,28.784399999999998
GLOBAL,S1D3,ELCTZAXX02,2045,26.3857
GLOBAL,S2D1,ELCTZAXX02,2045,23.987000000000002
GLOBAL,S2D2,ELCTZAXX02,2045,28.784399999999998
GLOBAL,S2D3,ELCTZAXX02,2045,23.987000000000002
GLOBAL,S3D1,ELCTZAXX02,2045,26.3857
GLOBAL,S3D2,ELCTZAXX02,2045,31.183100000000003
GLOBAL,S3D3,ELCTZAXX02,2045,26.3857
GLOBAL,S1D1,ELCTZAXX02,2046,25.304000000000002
GLOBAL,S1D2,ELCTZAXX02,2046,30.3648
GLOBAL,S1D3,ELCTZAXX02,2046,27.8344
GLOBAL,S2D1,ELCTZAXX02,2046,25.304000000000002
GLOBAL,S2D2,ELCTZAXX02,2046,30.3648
GLOBAL,S2D3,ELCTZAXX02,2046,25.304000000000002
GLOBAL,S3D1,ELCTZAXX02,2046,27.8344
GLOBAL,S3D2,ELCTZAXX02,2046,32.8952
GLOBAL,S3D3,ELCTZAXX02,2046,27.8344
GLOBAL,S1D1,ELCTZAXX02,2047,26.621
GLOBAL,S1D2,ELCTZAXX02,2047,31.945199999999996
GLOBAL,S1D3,ELCTZAXX02,2047,29.283099999999997
GLOBAL,S2D1,ELCTZAXX02,2047,26.621
GLOBAL,S2D2,ELCTZAXX02,2047,31.945199999999996
GLOBAL,S2D3,ELCTZAXX02,2047,26.621
GLOBAL,S3D1,ELCTZAXX02,2047,29.283099999999997
GLOBAL,S3D2,ELCTZAXX02,2047,34.607299999999995
GLOBAL,S3D3,ELCTZAXX02,2047,29.283099999999997
GLOBAL,S1D1,ELCTZAXX02,2048,27.938000000000002
GLOBAL,S1D2,ELCTZAXX02,2048,33.5256
GLOBAL,S1D3,ELCTZAXX02,2048,30.7318
GLOBAL,S2D1,ELCTZAXX02,2048,27.938000000000002
GLOBAL,S2D2,ELCTZAXX02,2048,33.5256
GLOBAL,S2D3,ELCTZAXX02,2048,27.938000000000002
GLOBAL,S3D1,ELCTZAXX02,2048,30.7318
GLOBAL,S3D2,ELCTZAXX02,2048,36.3194
GLOBAL,S3D3,ELCTZAXX02,2048,30.7318
GLOBAL,S1D1,ELCTZAXX02,2049,29.255000000000003
GLOBAL,S1D2,ELCTZAXX02,2049,35.106
GLOBAL,S1D3,ELCTZAXX02,2049,32.1805
GLOBAL,S2D1,ELCTZAXX02,2049,29.255000000000003
GLOBAL,S2D2,ELCTZAXX02,2049,35.106
GLOBAL,S2D3,ELCTZAXX02,2049,29.255000000000003
GLOBAL,S3D1,ELCTZAXX02,2049,32.1805
GLOBAL,S3D2,ELCTZAXX02,2049,38.0315
GLOBAL,S3D3,ELCTZAXX02,2049,32.1805
GLOBAL,S1D1,ELCTZAXX02,2050,30.572000000000003
GLOBAL,S1D2,ELCTZAXX02,2050,36.6864
GLOBAL,S1D3,ELCTZAXX02,2050,33.629200000000004
GLOBAL,S2D1,ELCTZAXX02,2050,30.572000000000003
GLOBAL,S2D2,ELCTZAXX02,2050,36.6864
GLOBAL,S2D3,ELCTZAXX02,2050,30.572000000000003
GLOBAL,S3D1,ELCTZAXX02,2050,33.629200000000004
GLOBAL,S3D2,ELCTZAXX02,2050,39.74360000000001
GLOBAL,S3D3,ELCTZAXX02,2050,33.629200000000004
