REGION,TECHNOLOGY,FUEL,MODE_OF_OPERATION,YEAR,VALUE
GLOBAL,PWRCCGKENXX00,GASKEN,1,2021,2.55
GLOBAL,PWRCCGKENXX00,GASKEN,1,2022,2.55
GLOBAL,PWRCCGKENXX00,GASKEN,1,2023,2.55
GLOBAL,PWRCCGKENXX00,GASKEN,1,2024,2.55
GLOBAL,PWRCCGKENXX00,GASKEN,1,2025,2.55
GLOBAL,PWRCCGKENXX00,GASKEN,1,2026,2.55
GLOBAL,PWRCCGKENXX00,GASKEN,1,2027,2.55
GLOBAL,PWRCCGKENXX00,GASKEN,1,2028,2.55
GLOBAL,PWRCCGKENXX00,GASKEN,1,2029,2.55
GLOBAL,PWRCCGKENXX00,GASKEN,1,2030,2.55
GLOBAL,PWRCCGKENXX00,GASKEN,1,2031,2.55
GLOBAL,PWRCCGKENXX00,GASKEN,1,2032,2.55
GLOBAL,PWRCCGKENXX00,GASKEN,1,2033,2.55
GLOBAL,PWRCCGKENXX00,GASKEN,1,2034,2.55
GLOBAL,PWRCCGKENXX00,GASKEN,1,2035,2.55
GLOBAL,PWRCCGKENXX00,GASKEN,1,2036,2.55
GLOBAL,PWRCCGKENXX00,GASKEN,1,2037,2.55
GLOBAL,PWRCCGKENXX00,GASKEN,1,2038,2.55
GLOBAL,PWRCCGKENXX00,GASKEN,1,2039,2.55
GLOBAL,PWRCCGKENXX00,GASKEN,1,2040,2.55
GLOBAL,PWRCCGKENXX00,GASKEN,1,2041,2.55
GLOBAL,PWRCCGKENXX00,GASKEN,1,2042,2.55
GLOBAL,PWRCCGKENXX00,GASKEN,1,2043,2.55
GLOBAL,PWRCCGKENXX00,GASKEN,1,2044,2.55
GLOBAL,PWRCCGKENXX00,GASKEN,1,2045,2.55
GLOBAL,PWRCCGKENXX00,GASKEN,1,2046,2.55
GLOBAL,PWRCCGKENXX00,GASKEN,1,2047,2.55
GLOBAL,PWRCCGKENXX00,GASKEN,1,2048,2.55
GLOBAL,PWRCCGKENXX00,GASKEN,1,2049,2.55
GLOBAL,PWRCCGKENXX00,GASKEN,1,2050,2.55
GLOBAL,PWRCCGKENXX00,GASINT,2,2021,2.55
GLOBAL,PWRCCGKENXX00,GASINT,2,2022,2.55
GLOBAL,PWRCCGKENXX00,GASINT,2,2023,2.55
GLOBAL,PWRCCGKENXX00,GASINT,2,2024,2.55
GLOBAL,PWRCCGKENXX00,GASINT,2,2025,2.55
GLOBAL,PWRCCGKENXX00,GASINT,2,2026,2.55
GLOBAL,PWRCCGKENXX00,GASINT,2,2027,2.55
GLOBAL,PWRCCGKENXX00,GASINT,2,2028,2.55
GLOBAL,PWRCCGKENXX00,GASINT,2,2029,2.55
GLOBAL,PWRCCGKENXX00,GASINT,2,2030,2.55
GLOBAL,PWRCCGKENXX00,GASINT,2,2031,2.55
GLOBAL,PWRCCGKENXX00,GASINT,2,2032,2.55
GLOBAL,PWRCCGKENXX00,GASINT,2,2033,2.55
GLOBAL,PWRCCGKENXX00,GASINT,2,2034,2.55
GLOBAL,PWRCCGKENXX00,GASINT,2,2035,2.55
GLOBAL,PWRCCGKENXX00,GASINT,2,2036,2.55
GLOBAL,PWRCCGKENXX00,GASINT,2,2037,2.55
GLOBAL,PWRCCGKENXX00,GASINT,2,2038,2.55
GLOBAL,PWRCCGKENXX00,GASINT,2,2039,2.55
GLOBAL,PWRCCGKENXX00,GASINT,2,2040,2.55
GLOBAL,PWRCCGKENXX00,GASINT,2,2041,2.55
GLOBAL,PWRCCGKENXX00,GASINT,2,2042,2.55
GLOBAL,PWRCCGKENXX00,GASINT,2,2043,2.55
GLOBAL,PWRCCGKENXX00,GASINT,2,2044,2.55
GLOBAL,PWRCCGKENXX00,GASINT,2,2045,2.55
GLOBAL,PWRCCGKENXX00,GASINT,2,2046,2.55
GLOBAL,PWRCCGKENXX00,GASINT,2,2047,2.55
GLOBAL,PWRCCGKENXX00,GASINT,2,2048,2.55
GLOBAL,PWRCCGKENXX00,GASINT,2,2049,2.55
GLOBAL,PWRCCGKENXX00,GASINT,2,2050,2.55
GLOBAL,PWROCGKENXX00,GASKEN,1,2021,2.99
GLOBAL,PWROCGKENXX00,GASKEN,1,2022,2.99
GLOBAL,PWROCGKENXX00,GASKEN,1,2023,2.99
GLOBAL,PWROCGKENXX00,GASKEN,1,2024,2.99
GLOBAL,PWROCGKENXX00,GASKEN,1,2025,2.99
GLOBAL,PWROCGKENXX00,GASKEN,1,2026,2.99
GLOBAL,PWROCGKENXX00,GASKEN,1,2027,2.99
GLOBAL,PWROCGKENXX00,GASKEN,1,2028,2.99
GLOBAL,PWROCGKENXX00,GASKEN,1,2029,2.99
GLOBAL,PWROCGKENXX00,GASKEN,1,2030,2.99
GLOBAL,PWROCGKENXX00,GASKEN,1,2031,2.99
GLOBAL,PWROCGKENXX00,GASKEN,1,2032,2.99
GLOBAL,PWROCGKENXX00,GASKEN,1,2033,2.99
GLOBAL,PWROCGKENXX00,GASKEN,1,2034,2.99
GLOBAL,PWROCGKENXX00,GASKEN,1,2035,2.99
GLOBAL,PWROCGKENXX00,GASKEN,1,2036,2.99
GLOBAL,PWROCGKENXX00,GASKEN,1,2037,2.99
GLOBAL,PWROCGKENXX00,GASKEN,1,2038,2.99
GLOBAL,PWROCGKENXX00,GASKEN,1,2039,2.99
GLOBAL,PWROCGKENXX00,GASKEN,1,2040,2.99
GLOBAL,PWROCGKENXX00,GASKEN,1,2041,2.99
GLOBAL,PWROCGKENXX00,GASKEN,1,2042,2.99
GLOBAL,PWROCGKENXX00,GASKEN,1,2043,2.99
GLOBAL,PWROCGKENXX00,GASKEN,1,2044,2.99
GLOBAL,PWROCGKENXX00,GASKEN,1,2045,2.99
GLOBAL,PWROCGKENXX00,GASKEN,1,2046,2.99
GLOBAL,PWROCGKENXX00,GASKEN,1,2047,2.99
GLOBAL,PWROCGKENXX00,GASKEN,1,2048,2.99
GLOBAL,PWROCGKENXX00,GASKEN,1,2049,2.99
GLOBAL,PWROCGKENXX00,GASKEN,1,2050,2.99
GLOBAL,PWROCGKENXX00,GASINT,2,2021,2.99
GLOBAL,PWROCGKENXX00,GASINT,2,2022,2.99
GLOBAL,PWROCGKENXX00,GASINT,2,2023,2.99
GLOBAL,PWROCGKENXX00,GASINT,2,2024,2.99
GLOBAL,PWROCGKENXX00,GASINT,2,2025,2.99
GLOBAL,PWROCGKENXX00,GASINT,2,2026,2.99
GLOBAL,PWROCGKENXX00,GASINT,2,2027,2.99
GLOBAL,PWROCGKENXX00,GASINT,2,2028,2.99
GLOBAL,PWROCGKENXX00,GASINT,2,2029,2.99
GLOBAL,PWROCGKENXX00,GASINT,2,2030,2.99
GLOBAL,PWROCGKENXX00,GASINT,2,2031,2.99
GLOBAL,PWROCGKENXX00,GASINT,2,2032,2.99
GLOBAL,PWROCGKENXX00,GASINT,2,2033,2.99
GLOBAL,PWROCGKENXX00,GASINT,2,2034,2.99
GLOBAL,PWROCGKENXX00,GASINT,2,2035,2.99
GLOBAL,PWROCGKENXX00,GASINT,2,2036,2.99
GLOBAL,PWROCGKENXX00,GASINT,2,2037,2.99
GLOBAL,PWROCGKENXX00,GASINT,2,2038,2.99
GLOBAL,PWROCGKENXX00,GASINT,2,2039,2.99
GLOBAL,PWROCGKENXX00,GASINT,2,2040,2.99
GLOBAL,PWROCGKENXX00,GASINT,2,2041,2.99
GLOBAL,PWROCGKENXX00,GASINT,2,2042,2.99
GLOBAL,PWROCGKENXX00,GASINT,2,2043,2.99
GLOBAL,PWROCGKENXX00,GASINT,2,2044,2.99
GLOBAL,PWROCGKENXX00,GASINT,2,2045,2.99
GLOBAL,PWROCGKENXX00,GASINT,2,2046,2.99
GLOBAL,PWROCGKENXX00,GASINT,2,2047,2.99
GLOBAL,PWROCGKENXX00,GASINT,2,2048,2.99
GLOBAL,PWROCGKENXX00,GASINT,2,2049,2.99
GLOBAL,PWROCGKENXX00,GASINT,2,2050,2.99
GLOBAL,PWRHYDKENXX01,HYDKENXX,1,2021,1.0
GLOBAL,PWRHYDKENXX01,HYDKENXX,1,2022,1.0
GLOBAL,PWRHYDKENXX01,HYDKENXX,1,2023,1.0
GLOBAL,PWRHYDKENXX01,HYDKENXX,1,2024,1.0
GLOBAL,PWRHYDKENXX01,HYDKENXX,1,2025,1.0
GLOBAL,PWRHYDKENXX01,HYDKENXX,1,2026,1.0
GLOBAL,PWRHYDKENXX01,HYDKENXX,1,2027,1.0
GLOBAL,PWRHYDKENXX01,HYDKENXX,1,2028,1.0
GLOBAL,PWRHYDKENXX01,HYDKENXX,1,2029,1.0
GLOBAL,PWRHYDKENXX01,HYDKENXX,1,2030,1.0
GLOBAL,PWRHYDKENXX01,HYDKENXX,1,2031,1.0
GLOBAL,PWRHYDKENXX01,HYDKENXX,1,2032,1.0
GLOBAL,PWRHYDKENXX01,HYDKENXX,1,2033,1.0
GLOBAL,PWRHYDKENXX01,HYDKENXX,1,2034,1.0
GLOBAL,PWRHYDKENXX01,HYDKENXX,1,2035,1.0
GLOBAL,PWRHYDKENXX01,HYDKENXX,1,2036,1.0
GLOBAL,PWRHYDKENXX01,HYDKENXX,1,2037,1.0
GLOBAL,PWRHYDKENXX01,HYDKENXX,1,2038,1.0
GLOBAL,PWRHYDKENXX01,HYDKENXX,1,2039,1.0
GLOBAL,PWRHYDKENXX01,HYDKENXX,1,2040,1.0
GLOBAL,PWRHYDKENXX01,HYDKENXX,1,2041,1.0
GLOBAL,PWRHYDKENXX01,HYDKENXX,1,2042,1.0
GLOBAL,PWRHYDKENXX01,HYDKENXX,1,2043,1.0
GLOBAL,PWRHYDKENXX01,HYDKENXX,1,2044,1.0
GLOBAL,PWRHYDKENXX01,HYDKENXX,1,2045,1.0
GLOBAL,PWRHYDKENXX01,HYDKENXX,1,2046,1.0
GLOBAL,PWRHYDKENXX01,HYDKENXX,1,2047,1.0
GLOBAL,PWRHYDKENXX01,HYDKENXX,1,2048,1.0
GLOBAL,PWRHYDKENXX01,HYDKENXX,1,2049,1.0
GLOBAL,PWRHYDKENXX01,HYDKENXX,1,2050,1.0
GLOBAL,PWROILKENXX01,OILKEN,1,2021,2.78
GLOBAL,PWROILKENXX01,OILKEN,1,2022,2.78
GLOBAL,PWROILKENXX01,OILKEN,1,2023,2.78
GLOBAL,PWROILKENXX01,OILKEN,1,2024,2.78
GLOBAL,PWROILKENXX01,OILKEN,1,2025,2.78
GLOBAL,PWROILKENXX01,OILKEN,1,2026,2.78
GLOBAL,PWROILKENXX01,OILKEN,1,2027,2.78
GLOBAL,PWROILKENXX01,OILKEN,1,2028,2.78
GLOBAL,PWROILKENXX01,OILKEN,1,2029,2.78
GLOBAL,PWROILKENXX01,OILKEN,1,2030,2.78
GLOBAL,PWROILKENXX01,OILKEN,1,2031,2.78
GLOBAL,PWROILKENXX01,OILKEN,1,2032,2.78
GLOBAL,PWROILKENXX01,OILKEN,1,2033,2.78
GLOBAL,PWROILKENXX01,OILKEN,1,2034,2.78
GLOBAL,PWROILKENXX01,OILKEN,1,2035,2.78
GLOBAL,PWROILKENXX01,OILKEN,1,2036,2.78
GLOBAL,PWROILKENXX01,OILKEN,1,2037,2.78
GLOBAL,PWROILKENXX01,OILKEN,1,2038,2.78
GLOBAL,PWROILKENXX01,OILKEN,1,2039,2.78
GLOBAL,PWROILKENXX01,OILKEN,1,2040,2.78
GLOBAL,PWROILKENXX01,OILKEN,1,2041,2.78
GLOBAL,PWROILKENXX01,OILKEN,1,2042,2.78
GLOBAL,PWROILKENXX01,OILKEN,1,2043,2.78
GLOBAL,PWROILKENXX01,OILKEN,1,2044,2.78
GLOBAL,PWROILKENXX01,OILKEN,1,2045,2.78
GLOBAL,PWROILKENXX01,OILKEN,1,2046,2.78
GLOBAL,PWROILKENXX01,OILKEN,1,2047,2.78
GLOBAL,PWROILKENXX01,OILKEN,1,2048,2.78
GLOBAL,PWROILKENXX01,OILKEN,1,2049,2.78
GLOBAL,PWROILKENXX01,OILKEN,1,2050,2.78
GLOBAL,PWROILKENXX01,OILINT,2,2021,2.78
GLOBAL,PWROILKENXX01,OILINT,2,2022,2.78
GLOBAL,PWROILKENXX01,OILINT,2,2023,2.78
GLOBAL,PWROILKENXX01,OILINT,2,2024,2.78
GLOBAL,PWROILKENXX01,OILINT,2,2025,2.78
GLOBAL,PWROILKENXX01,OILINT,2,2026,2.78
GLOBAL,PWROILKENXX01,OILINT,2,2027,2.78
GLOBAL,PWROILKENXX01,OILINT,2,2028,2.78
GLOBAL,PWROILKENXX01,OILINT,2,2029,2.78
GLOBAL,PWROILKENXX01,OILINT,2,2030,2.78
GLOBAL,PWROILKENXX01,OILINT,2,2031,2.78
GLOBAL,PWROILKENXX01,OILINT,2,2032,2.78
GLOBAL,PWROILKENXX01,OILINT,2,2033,2.78
GLOBAL,PWROILKENXX01,OILINT,2,2034,2.78
GLOBAL,PWROILKENXX01,OILINT,2,2035,2.78
GLOBAL,PWROILKENXX01,OILINT,2,2036,2.78
GLOBAL,PWROILKENXX01,OILINT,2,2037,2.78
GLOBAL,PWROILKENXX01,OILINT,2,2038,2.78
GLOBAL,PWROILKENXX01,OILINT,2,2039,2.78
GLOBAL,PWROILKENXX01,OILINT,2,2040,2.78
GLOBAL,PWROILKENXX01,OILINT,2,2041,2.78
GLOBAL,PWROILKENXX01,OILINT,2,2042,2.78
GLOBAL,PWROILKENXX01,OILINT,2,2043,2.78
GLOBAL,PWROILKENXX01,OILINT,2,2044,2.78
GLOBAL,PWROILKENXX01,OILINT,2,2045,2.78
GLOBAL,PWROILKENXX01,OILINT,2,2046,2.78
GLOBAL,PWROILKENXX01,OILINT,2,2047,2.78
GLOBAL,PWROILKENXX01,OILINT,2,2048,2.78
GLOBAL,PWROILKENXX01,OILINT,2,2049,2.78
GLOBAL,PWROILKENXX01,OILINT,2,2050,2.78
GLOBAL,PWRSPVKENXX01,SPVKENXX,1,2021,1.0
GLOBAL,PWRSPVKENXX01,SPVKENXX,1,2022,1.0
GLOBAL,PWRSPVKENXX01,SPVKENXX,1,2023,1.0
GLOBAL,PWRSPVKENXX01,SPVKENXX,1,2024,1.0
GLOBAL,PWRSPVKENXX01,SPVKENXX,1,2025,1.0
GLOBAL,PWRSPVKENXX01,SPVKENXX,1,2026,1.0
GLOBAL,PWRSPVKENXX01,SPVKENXX,1,2027,1.0
GLOBAL,PWRSPVKENXX01,SPVKENXX,1,2028,1.0
GLOBAL,PWRSPVKENXX01,SPVKENXX,1,2029,1.0
GLOBAL,PWRSPVKENXX01,SPVKENXX,1,2030,1.0
GLOBAL,PWRSPVKENXX01,SPVKENXX,1,2031,1.0
GLOBAL,PWRSPVKENXX01,SPVKENXX,1,2032,1.0
GLOBAL,PWRSPVKENXX01,SPVKENXX,1,2033,1.0
GLOBAL,PWRSPVKENXX01,SPVKENXX,1,2034,1.0
GLOBAL,PWRSPVKENXX01,SPVKENXX,1,2035,1.0
GLOBAL,PWRSPVKENXX01,SPVKENXX,1,2036,1.0
GLOBAL,PWRSPVKENXX01,SPVKENXX,1,2037,1.0
GLOBAL,PWRSPVKENXX01,SPVKENXX,1,2038,1.0
GLOBAL,PWRSPVKENXX01,SPVKENXX,1,2039,1.0
GLOBAL,PWRSPVKENXX01,SPVKENXX,1,2040,1.0
GLOBAL,PWRSPVKENXX01,SPVKENXX,1,2041,1.0
GLOBAL,PWRSPVKENXX01,SPVKENXX,1,2042,1.0
GLOBAL,PWRSPVKENXX01,SPVKENXX,1,2043,1.0
GLOBAL,PWRSPVKENXX01,SPVKENXX,1,2044,1.0
GLOBAL,PWRSPVKENXX01,SPVKENXX,1,2045,1.0
GLOBAL,PWRSPVKENXX01,SPVKENXX,1,2046,1.0
GLOBAL,PWRSPVKENXX01,SPVKENXX,1,2047,1.0
GLOBAL,PWRSPVKENXX01,SPVKENXX,1,2048,1.0
GLOBAL,PWRSPVKENXX01,SPVKENXX,1,2049,1.0
GLOBAL,PWRSPVKENXX01,SPVKENXX,1,2050,1.0
GLOBAL,PWROTHKENXX01,OTHKEN,1,2021,1.0
GLOBAL,PWROTHKENXX01,OTHKEN,1,2022,1.0
GLOBAL,PWROTHKENXX01,OTHKEN,1,2023,1.0
GLOBAL,PWROTHKENXX01,OTHKEN,1,2024,1.0
GLOBAL,PWROTHKENXX01,OTHKEN,1,2025,1.0
GLOBAL,PWROTHKENXX01,OTHKEN,1,2026,1.0
GLOBAL,PWROTHKENXX01,OTHKEN,1,2027,1.0
GLOBAL,PWROTHKENXX01,OTHKEN,1,2028,1.0
GLOBAL,PWROTHKENXX01,OTHKEN,1,2029,1.0
GLOBAL,PWROTHKENXX01,OTHKEN,1,2030,1.0
GLOBAL,PWROTHKENXX01,OTHKEN,1,2031,1.0
GLOBAL,PWROTHKENXX01,OTHKEN,1,2032,1.0
GLOBAL,PWROTHKENXX01,OTHKEN,1,2033,1.0
GLOBAL,PWROTHKENXX01,OTHKEN,1,2034,1.0
GLOBAL,PWROTHKENXX01,OTHKEN,1,2035,1.0
GLOBAL,PWROTHKENXX01,OTHKEN,1,2036,1.0
GLOBAL,PWROTHKENXX01,OTHKEN,1,2037,1.0
GLOBAL,PWROTHKENXX01,OTHKEN,1,2038,1.0
GLOBAL,PWROTHKENXX01,OTHKEN,1,2039,1.0
GLOBAL,PWROTHKENXX01,OTHKEN,1,2040,1.0
GLOBAL,PWROTHKENXX01,OTHKEN,1,2041,1.0
GLOBAL,PWROTHKENXX01,OTHKEN,1,2042,1.0
GLOBAL,PWROTHKENXX01,OTHKEN,1,2043,1.0
GLOBAL,PWROTHKENXX01,OTHKEN,1,2044,1.0
GLOBAL,PWROTHKENXX01,OTHKEN,1,2045,1.0
GLOBAL,PWROTHKENXX01,OTHKEN,1,2046,1.0
GLOBAL,PWROTHKENXX01,OTHKEN,1,2047,1.0
GLOBAL,PWROTHKENXX01,OTHKEN,1,2048,1.0
GLOBAL,PWROTHKENXX01,OTHKEN,1,2049,1.0
GLOBAL,PWROTHKENXX01,OTHKEN,1,2050,1.0
GLOBAL,PWROTHKENXX01,OTHINT,2,2021,1.0
GLOBAL,PWROTHKENXX01,OTHINT,2,2022,1.0
GLOBAL,PWROTHKENXX01,OTHINT,2,2023,1.0
GLOBAL,PWROTHKENXX01,OTHINT,2,2024,1.0
GLOBAL,PWROTHKENXX01,OTHINT,2,2025,1.0
GLOBAL,PWROTHKENXX01,OTHINT,2,2026,1.0
GLOBAL,PWROTHKENXX01,OTHINT,2,2027,1.0
GLOBAL,PWROTHKENXX01,OTHINT,2,2028,1.0
GLOBAL,PWROTHKENXX01,OTHINT,2,2029,1.0
GLOBAL,PWROTHKENXX01,OTHINT,2,2030,1.0
GLOBAL,PWROTHKENXX01,OTHINT,2,2031,1.0
GLOBAL,PWROTHKENXX01,OTHINT,2,2032,1.0
GLOBAL,PWROTHKENXX01,OTHINT,2,2033,1.0
GLOBAL,PWROTHKENXX01,OTHINT,2,2034,1.0
GLOBAL,PWROTHKENXX01,OTHINT,2,2035,1.0
GLOBAL,PWROTHKENXX01,OTHINT,2,2036,1.0
GLOBAL,PWROTHKENXX01,OTHINT,2,2037,1.0
GLOBAL,PWROTHKENXX01,OTHINT,2,2038,1.0
GLOBAL,PWROTHKENXX01,OTHINT,2,2039,1.0
GLOBAL,PWROTHKENXX01,OTHINT,2,2040,1.0
GLOBAL,PWROTHKENXX01,OTHINT,2,2041,1.0
GLOBAL,PWROTHKENXX01,OTHINT,2,2042,1.0
GLOBAL,PWROTHKENXX01,OTHINT,2,2043,1.0
GLOBAL,PWROTHKENXX01,OTHINT,2,2044,1.0
GLOBAL,PWROTHKENXX01,OTHINT,2,2045,1.0
GLOBAL,PWROTHKENXX01,OTHINT,2,2046,1.0
GLOBAL,PWROTHKENXX01,OTHINT,2,2047,1.0
GLOBAL,PWROTHKENXX01,OTHINT,2,2048,1.0
GLOBAL,PWROTHKENXX01,OTHINT,2,2049,1.0
GLOBAL,PWROTHKENXX01,OTHINT,2,2050,1.0
GLOBAL,PWRCSPKENXX01,CSPKENXX,1,2021,1.0
GLOBAL,PWRCSPKENXX01,CSPKENXX,1,2022,1.0
GLOBAL,PWRCSPKENXX01,CSPKENXX,1,2023,1.0
GLOBAL,PWRCSPKENXX01,CSPKENXX,1,2024,1.0
GLOBAL,PWRCSPKENXX01,CSPKENXX,1,2025,1.0
GLOBAL,PWRCSPKENXX01,CSPKENXX,1,2026,1.0
GLOBAL,PWRCSPKENXX01,CSPKENXX,1,2027,1.0
GLOBAL,PWRCSPKENXX01,CSPKENXX,1,2028,1.0
GLOBAL,PWRCSPKENXX01,CSPKENXX,1,2029,1.0
GLOBAL,PWRCSPKENXX01,CSPKENXX,1,2030,1.0
GLOBAL,PWRCSPKENXX01,CSPKENXX,1,2031,1.0
GLOBAL,PWRCSPKENXX01,CSPKENXX,1,2032,1.0
GLOBAL,PWRCSPKENXX01,CSPKENXX,1,2033,1.0
GLOBAL,PWRCSPKENXX01,CSPKENXX,1,2034,1.0
GLOBAL,PWRCSPKENXX01,CSPKENXX,1,2035,1.0
GLOBAL,PWRCSPKENXX01,CSPKENXX,1,2036,1.0
GLOBAL,PWRCSPKENXX01,CSPKENXX,1,2037,1.0
GLOBAL,PWRCSPKENXX01,CSPKENXX,1,2038,1.0
GLOBAL,PWRCSPKENXX01,CSPKENXX,1,2039,1.0
GLOBAL,PWRCSPKENXX01,CSPKENXX,1,2040,1.0
GLOBAL,PWRCSPKENXX01,CSPKENXX,1,2041,1.0
GLOBAL,PWRCSPKENXX01,CSPKENXX,1,2042,1.0
GLOBAL,PWRCSPKENXX01,CSPKENXX,1,2043,1.0
GLOBAL,PWRCSPKENXX01,CSPKENXX,1,2044,1.0
GLOBAL,PWRCSPKENXX01,CSPKENXX,1,2045,1.0
GLOBAL,PWRCSPKENXX01,CSPKENXX,1,2046,1.0
GLOBAL,PWRCSPKENXX01,CSPKENXX,1,2047,1.0
GLOBAL,PWRCSPKENXX01,CSPKENXX,1,2048,1.0
GLOBAL,PWRCSPKENXX01,CSPKENXX,1,2049,1.0
GLOBAL,PWRCSPKENXX01,CSPKENXX,1,2050,1.0
GLOBAL,PWRBIOKENXX01,BIOKENXX,1,2021,3.16
GLOBAL,PWRBIOKENXX01,BIOKENXX,1,2022,3.16
GLOBAL,PWRBIOKENXX01,BIOKENXX,1,2023,3.16
GLOBAL,PWRBIOKENXX01,BIOKENXX,1,2024,3.16
GLOBAL,PWRBIOKENXX01,BIOKENXX,1,2025,3.16
GLOBAL,PWRBIOKENXX01,BIOKENXX,1,2026,3.16
GLOBAL,PWRBIOKENXX01,BIOKENXX,1,2027,3.16
GLOBAL,PWRBIOKENXX01,BIOKENXX,1,2028,3.16
GLOBAL,PWRBIOKENXX01,BIOKENXX,1,2029,3.16
GLOBAL,PWRBIOKENXX01,BIOKENXX,1,2030,3.16
GLOBAL,PWRBIOKENXX01,BIOKENXX,1,2031,3.16
GLOBAL,PWRBIOKENXX01,BIOKENXX,1,2032,3.16
GLOBAL,PWRBIOKENXX01,BIOKENXX,1,2033,3.16
GLOBAL,PWRBIOKENXX01,BIOKENXX,1,2034,3.16
GLOBAL,PWRBIOKENXX01,BIOKENXX,1,2035,3.16
GLOBAL,PWRBIOKENXX01,BIOKENXX,1,2036,3.16
GLOBAL,PWRBIOKENXX01,BIOKENXX,1,2037,3.16
GLOBAL,PWRBIOKENXX01,BIOKENXX,1,2038,3.16
GLOBAL,PWRBIOKENXX01,BIOKENXX,1,2039,3.16
GLOBAL,PWRBIOKENXX01,BIOKENXX,1,2040,3.16
GLOBAL,PWRBIOKENXX01,BIOKENXX,1,2041,3.16
GLOBAL,PWRBIOKENXX01,BIOKENXX,1,2042,3.16
GLOBAL,PWRBIOKENXX01,BIOKENXX,1,2043,3.16
GLOBAL,PWRBIOKENXX01,BIOKENXX,1,2044,3.16
GLOBAL,PWRBIOKENXX01,BIOKENXX,1,2045,3.16
GLOBAL,PWRBIOKENXX01,BIOKENXX,1,2046,3.16
GLOBAL,PWRBIOKENXX01,BIOKENXX,1,2047,3.16
GLOBAL,PWRBIOKENXX01,BIOKENXX,1,2048,3.16
GLOBAL,PWRBIOKENXX01,BIOKENXX,1,2049,3.16
GLOBAL,PWRBIOKENXX01,BIOKENXX,1,2050,3.16
GLOBAL,PWRCOAKENXX01,COAKEN,1,2021,2.92
GLOBAL,PWRCOAKENXX01,COAKEN,1,2022,2.92
GLOBAL,PWRCOAKENXX01,COAKEN,1,2023,2.92
GLOBAL,PWRCOAKENXX01,COAKEN,1,2024,2.92
GLOBAL,PWRCOAKENXX01,COAKEN,1,2025,2.92
GLOBAL,PWRCOAKENXX01,COAKEN,1,2026,2.92
GLOBAL,PWRCOAKENXX01,COAKEN,1,2027,2.92
GLOBAL,PWRCOAKENXX01,COAKEN,1,2028,2.92
GLOBAL,PWRCOAKENXX01,COAKEN,1,2029,2.92
GLOBAL,PWRCOAKENXX01,COAKEN,1,2030,2.92
GLOBAL,PWRCOAKENXX01,COAKEN,1,2031,2.92
GLOBAL,PWRCOAKENXX01,COAKEN,1,2032,2.92
GLOBAL,PWRCOAKENXX01,COAKEN,1,2033,2.92
GLOBAL,PWRCOAKENXX01,COAKEN,1,2034,2.92
GLOBAL,PWRCOAKENXX01,COAKEN,1,2035,2.92
GLOBAL,PWRCOAKENXX01,COAKEN,1,2036,2.92
GLOBAL,PWRCOAKENXX01,COAKEN,1,2037,2.92
GLOBAL,PWRCOAKENXX01,COAKEN,1,2038,2.92
GLOBAL,PWRCOAKENXX01,COAKEN,1,2039,2.92
GLOBAL,PWRCOAKENXX01,COAKEN,1,2040,2.92
GLOBAL,PWRCOAKENXX01,COAKEN,1,2041,2.92
GLOBAL,PWRCOAKENXX01,COAKEN,1,2042,2.92
GLOBAL,PWRCOAKENXX01,COAKEN,1,2043,2.92
GLOBAL,PWRCOAKENXX01,COAKEN,1,2044,2.92
GLOBAL,PWRCOAKENXX01,COAKEN,1,2045,2.92
GLOBAL,PWRCOAKENXX01,COAKEN,1,2046,2.92
GLOBAL,PWRCOAKENXX01,COAKEN,1,2047,2.92
GLOBAL,PWRCOAKENXX01,COAKEN,1,2048,2.92
GLOBAL,PWRCOAKENXX01,COAKEN,1,2049,2.92
GLOBAL,PWRCOAKENXX01,COAKEN,1,2050,2.92
GLOBAL,PWRCOAKENXX01,COAINT,2,2021,2.92
GLOBAL,PWRCOAKENXX01,COAINT,2,2022,2.92
GLOBAL,PWRCOAKENXX01,COAINT,2,2023,2.92
GLOBAL,PWRCOAKENXX01,COAINT,2,2024,2.92
GLOBAL,PWRCOAKENXX01,COAINT,2,2025,2.92
GLOBAL,PWRCOAKENXX01,COAINT,2,2026,2.92
GLOBAL,PWRCOAKENXX01,COAINT,2,2027,2.92
GLOBAL,PWRCOAKENXX01,COAINT,2,2028,2.92
GLOBAL,PWRCOAKENXX01,COAINT,2,2029,2.92
GLOBAL,PWRCOAKENXX01,COAINT,2,2030,2.92
GLOBAL,PWRCOAKENXX01,COAINT,2,2031,2.92
GLOBAL,PWRCOAKENXX01,COAINT,2,2032,2.92
GLOBAL,PWRCOAKENXX01,COAINT,2,2033,2.92
GLOBAL,PWRCOAKENXX01,COAINT,2,2034,2.92
GLOBAL,PWRCOAKENXX01,COAINT,2,2035,2.92
GLOBAL,PWRCOAKENXX01,COAINT,2,2036,2.92
GLOBAL,PWRCOAKENXX01,COAINT,2,2037,2.92
GLOBAL,PWRCOAKENXX01,COAINT,2,2038,2.92
GLOBAL,PWRCOAKENXX01,COAINT,2,2039,2.92
GLOBAL,PWRCOAKENXX01,COAINT,2,2040,2.92
GLOBAL,PWRCOAKENXX01,COAINT,2,2041,2.92
GLOBAL,PWRCOAKENXX01,COAINT,2,2042,2.92
GLOBAL,PWRCOAKENXX01,COAINT,2,2043,2.92
GLOBAL,PWRCOAKENXX01,COAINT,2,2044,2.92
GLOBAL,PWRCOAKENXX01,COAINT,2,2045,2.92
GLOBAL,PWRCOAKENXX01,COAINT,2,2046,2.92
GLOBAL,PWRCOAKENXX01,COAINT,2,2047,2.92
GLOBAL,PWRCOAKENXX01,COAINT,2,2048,2.92
GLOBAL,PWRCOAKENXX01,COAINT,2,2049,2.92
GLOBAL,PWRCOAKENXX01,COAINT,2,2050,2.92
GLOBAL,PWRURNKENXX01,URNKEN,1,2021,2.22
GLOBAL,PWRURNKENXX01,URNKEN,1,2022,2.22
GLOBAL,PWRURNKENXX01,URNKEN,1,2023,2.22
GLOBAL,PWRURNKENXX01,URNKEN,1,2024,2.22
GLOBAL,PWRURNKENXX01,URNKEN,1,2025,2.22
GLOBAL,PWRURNKENXX01,URNKEN,1,2026,2.22
GLOBAL,PWRURNKENXX01,URNKEN,1,2027,2.22
GLOBAL,PWRURNKENXX01,URNKEN,1,2028,2.22
GLOBAL,PWRURNKENXX01,URNKEN,1,2029,2.22
GLOBAL,PWRURNKENXX01,URNKEN,1,2030,2.22
GLOBAL,PWRURNKENXX01,URNKEN,1,2031,2.22
GLOBAL,PWRURNKENXX01,URNKEN,1,2032,2.22
GLOBAL,PWRURNKENXX01,URNKEN,1,2033,2.22
GLOBAL,PWRURNKENXX01,URNKEN,1,2034,2.22
GLOBAL,PWRURNKENXX01,URNKEN,1,2035,2.22
GLOBAL,PWRURNKENXX01,URNKEN,1,2036,2.22
GLOBAL,PWRURNKENXX01,URNKEN,1,2037,2.22
GLOBAL,PWRURNKENXX01,URNKEN,1,2038,2.22
GLOBAL,PWRURNKENXX01,URNKEN,1,2039,2.22
GLOBAL,PWRURNKENXX01,URNKEN,1,2040,2.22
GLOBAL,PWRURNKENXX01,URNKEN,1,2041,2.22
GLOBAL,PWRURNKENXX01,URNKEN,1,2042,2.22
GLOBAL,PWRURNKENXX01,URNKEN,1,2043,2.22
GLOBAL,PWRURNKENXX01,URNKEN,1,2044,2.22
GLOBAL,PWRURNKENXX01,URNKEN,1,2045,2.22
GLOBAL,PWRURNKENXX01,URNKEN,1,2046,2.22
GLOBAL,PWRURNKENXX01,URNKEN,1,2047,2.22
GLOBAL,PWRURNKENXX01,URNKEN,1,2048,2.22
GLOBAL,PWRURNKENXX01,URNKEN,1,2049,2.22
GLOBAL,PWRURNKENXX01,URNKEN,1,2050,2.22
GLOBAL,PWRURNKENXX01,URNINT,2,2021,2.22
GLOBAL,PWRURNKENXX01,URNINT,2,2022,2.22
GLOBAL,PWRURNKENXX01,URNINT,2,2023,2.22
GLOBAL,PWRURNKENXX01,URNINT,2,2024,2.22
GLOBAL,PWRURNKENXX01,URNINT,2,2025,2.22
GLOBAL,PWRURNKENXX01,URNINT,2,2026,2.22
GLOBAL,PWRURNKENXX01,URNINT,2,2027,2.22
GLOBAL,PWRURNKENXX01,URNINT,2,2028,2.22
GLOBAL,PWRURNKENXX01,URNINT,2,2029,2.22
GLOBAL,PWRURNKENXX01,URNINT,2,2030,2.22
GLOBAL,PWRURNKENXX01,URNINT,2,2031,2.22
GLOBAL,PWRURNKENXX01,URNINT,2,2032,2.22
GLOBAL,PWRURNKENXX01,URNINT,2,2033,2.22
GLOBAL,PWRURNKENXX01,URNINT,2,2034,2.22
GLOBAL,PWRURNKENXX01,URNINT,2,2035,2.22
GLOBAL,PWRURNKENXX01,URNINT,2,2036,2.22
GLOBAL,PWRURNKENXX01,URNINT,2,2037,2.22
GLOBAL,PWRURNKENXX01,URNINT,2,2038,2.22
GLOBAL,PWRURNKENXX01,URNINT,2,2039,2.22
GLOBAL,PWRURNKENXX01,URNINT,2,2040,2.22
GLOBAL,PWRURNKENXX01,URNINT,2,2041,2.22
GLOBAL,PWRURNKENXX01,URNINT,2,2042,2.22
GLOBAL,PWRURNKENXX01,URNINT,2,2043,2.22
GLOBAL,PWRURNKENXX01,URNINT,2,2044,2.22
GLOBAL,PWRURNKENXX01,URNINT,2,2045,2.22
GLOBAL,PWRURNKENXX01,URNINT,2,2046,2.22
GLOBAL,PWRURNKENXX01,URNINT,2,2047,2.22
GLOBAL,PWRURNKENXX01,URNINT,2,2048,2.22
GLOBAL,PWRURNKENXX01,URNINT,2,2049,2.22
GLOBAL,PWRURNKENXX01,URNINT,2,2050,2.22
GLOBAL,PWRWONKENXX01,WONKENXX,1,2021,1.0
GLOBAL,PWRWONKENXX01,WONKENXX,1,2022,1.0
GLOBAL,PWRWONKENXX01,WONKENXX,1,2023,1.0
GLOBAL,PWRWONKENXX01,WONKENXX,1,2024,1.0
GLOBAL,PWRWONKENXX01,WONKENXX,1,2025,1.0
GLOBAL,PWRWONKENXX01,WONKENXX,1,2026,1.0
GLOBAL,PWRWONKENXX01,WONKENXX,1,2027,1.0
GLOBAL,PWRWONKENXX01,WONKENXX,1,2028,1.0
GLOBAL,PWRWONKENXX01,WONKENXX,1,2029,1.0
GLOBAL,PWRWONKENXX01,WONKENXX,1,2030,1.0
GLOBAL,PWRWONKENXX01,WONKENXX,1,2031,1.0
GLOBAL,PWRWONKENXX01,WONKENXX,1,2032,1.0
GLOBAL,PWRWONKENXX01,WONKENXX,1,2033,1.0
GLOBAL,PWRWONKENXX01,WONKENXX,1,2034,1.0
GLOBAL,PWRWONKENXX01,WONKENXX,1,2035,1.0
GLOBAL,PWRWONKENXX01,WONKENXX,1,2036,1.0
GLOBAL,PWRWONKENXX01,WONKENXX,1,2037,1.0
GLOBAL,PWRWONKENXX01,WONKENXX,1,2038,1.0
GLOBAL,PWRWONKENXX01,WONKENXX,1,2039,1.0
GLOBAL,PWRWONKENXX01,WONKENXX,1,2040,1.0
GLOBAL,PWRWONKENXX01,WONKENXX,1,2041,1.0
GLOBAL,PWRWONKENXX01,WONKENXX,1,2042,1.0
GLOBAL,PWRWONKENXX01,WONKENXX,1,2043,1.0
GLOBAL,PWRWONKENXX01,WONKENXX,1,2044,1.0
GLOBAL,PWRWONKENXX01,WONKENXX,1,2045,1.0
GLOBAL,PWRWONKENXX01,WONKENXX,1,2046,1.0
GLOBAL,PWRWONKENXX01,WONKENXX,1,2047,1.0
GLOBAL,PWRWONKENXX01,WONKENXX,1,2048,1.0
GLOBAL,PWRWONKENXX01,WONKENXX,1,2049,1.0
GLOBAL,PWRWONKENXX01,WONKENXX,1,2050,1.0
GLOBAL,PWRWASKENXX01,WASKENXX,1,2021,1.0
GLOBAL,PWRWASKENXX01,WASKENXX,1,2022,1.0
GLOBAL,PWRWASKENXX01,WASKENXX,1,2023,1.0
GLOBAL,PWRWASKENXX01,WASKENXX,1,2024,1.0
GLOBAL,PWRWASKENXX01,WASKENXX,1,2025,1.0
GLOBAL,PWRWASKENXX01,WASKENXX,1,2026,1.0
GLOBAL,PWRWASKENXX01,WASKENXX,1,2027,1.0
GLOBAL,PWRWASKENXX01,WASKENXX,1,2028,1.0
GLOBAL,PWRWASKENXX01,WASKENXX,1,2029,1.0
GLOBAL,PWRWASKENXX01,WASKENXX,1,2030,1.0
GLOBAL,PWRWASKENXX01,WASKENXX,1,2031,1.0
GLOBAL,PWRWASKENXX01,WASKENXX,1,2032,1.0
GLOBAL,PWRWASKENXX01,WASKENXX,1,2033,1.0
GLOBAL,PWRWASKENXX01,WASKENXX,1,2034,1.0
GLOBAL,PWRWASKENXX01,WASKENXX,1,2035,1.0
GLOBAL,PWRWASKENXX01,WASKENXX,1,2036,1.0
GLOBAL,PWRWASKENXX01,WASKENXX,1,2037,1.0
GLOBAL,PWRWASKENXX01,WASKENXX,1,2038,1.0
GLOBAL,PWRWASKENXX01,WASKENXX,1,2039,1.0
GLOBAL,PWRWASKENXX01,WASKENXX,1,2040,1.0
GLOBAL,PWRWASKENXX01,WASKENXX,1,2041,1.0
GLOBAL,PWRWASKENXX01,WASKENXX,1,2042,1.0
GLOBAL,PWRWASKENXX01,WASKENXX,1,2043,1.0
GLOBAL,PWRWASKENXX01,WASKENXX,1,2044,1.0
GLOBAL,PWRWASKENXX01,WASKENXX,1,2045,1.0
GLOBAL,PWRWASKENXX01,WASKENXX,1,2046,1.0
GLOBAL,PWRWASKENXX01,WASKENXX,1,2047,1.0
GLOBAL,PWRWASKENXX01,WASKENXX,1,2048,1.0
GLOBAL,PWRWASKENXX01,WASKENXX,1,2049,1.0
GLOBAL,PWRWASKENXX01,WASKENXX,1,2050,1.0
GLOBAL,PWRWOFKENXX01,WOFKENXX,1,2021,1.0
GLOBAL,PWRWOFKENXX01,WOFKENXX,1,2022,1.0
GLOBAL,PWRWOFKENXX01,WOFKENXX,1,2023,1.0
GLOBAL,PWRWOFKENXX01,WOFKENXX,1,2024,1.0
GLOBAL,PWRWOFKENXX01,WOFKENXX,1,2025,1.0
GLOBAL,PWRWOFKENXX01,WOFKENXX,1,2026,1.0
GLOBAL,PWRWOFKENXX01,WOFKENXX,1,2027,1.0
GLOBAL,PWRWOFKENXX01,WOFKENXX,1,2028,1.0
GLOBAL,PWRWOFKENXX01,WOFKENXX,1,2029,1.0
GLOBAL,PWRWOFKENXX01,WOFKENXX,1,2030,1.0
GLOBAL,PWRWOFKENXX01,WOFKENXX,1,2031,1.0
GLOBAL,PWRWOFKENXX01,WOFKENXX,1,2032,1.0
GLOBAL,PWRWOFKENXX01,WOFKENXX,1,2033,1.0
GLOBAL,PWRWOFKENXX01,WOFKENXX,1,2034,1.0
GLOBAL,PWRWOFKENXX01,WOFKENXX,1,2035,1.0
GLOBAL,PWRWOFKENXX01,WOFKENXX,1,2036,1.0
GLOBAL,PWRWOFKENXX01,WOFKENXX,1,2037,1.0
GLOBAL,PWRWOFKENXX01,WOFKENXX,1,2038,1.0
GLOBAL,PWRWOFKENXX01,WOFKENXX,1,2039,1.0
GLOBAL,PWRWOFKENXX01,WOFKENXX,1,2040,1.0
GLOBAL,PWRWOFKENXX01,WOFKENXX,1,2041,1.0
GLOBAL,PWRWOFKENXX01,WOFKENXX,1,2042,1.0
GLOBAL,PWRWOFKENXX01,WOFKENXX,1,2043,1.0
GLOBAL,PWRWOFKENXX01,WOFKENXX,1,2044,1.0
GLOBAL,PWRWOFKENXX01,WOFKENXX,1,2045,1.0
GLOBAL,PWRWOFKENXX01,WOFKENXX,1,2046,1.0
GLOBAL,PWRWOFKENXX01,WOFKENXX,1,2047,1.0
GLOBAL,PWRWOFKENXX01,WOFKENXX,1,2048,1.0
GLOBAL,PWRWOFKENXX01,WOFKENXX,1,2049,1.0
GLOBAL,PWRWOFKENXX01,WOFKENXX,1,2050,1.0
GLOBAL,PWRWAVKENXX01,WAVKENXX,1,2021,1.0
GLOBAL,PWRWAVKENXX01,WAVKENXX,1,2022,1.0
GLOBAL,PWRWAVKENXX01,WAVKENXX,1,2023,1.0
GLOBAL,PWRWAVKENXX01,WAVKENXX,1,2024,1.0
GLOBAL,PWRWAVKENXX01,WAVKENXX,1,2025,1.0
GLOBAL,PWRWAVKENXX01,WAVKENXX,1,2026,1.0
GLOBAL,PWRWAVKENXX01,WAVKENXX,1,2027,1.0
GLOBAL,PWRWAVKENXX01,WAVKENXX,1,2028,1.0
GLOBAL,PWRWAVKENXX01,WAVKENXX,1,2029,1.0
GLOBAL,PWRWAVKENXX01,WAVKENXX,1,2030,1.0
GLOBAL,PWRWAVKENXX01,WAVKENXX,1,2031,1.0
GLOBAL,PWRWAVKENXX01,WAVKENXX,1,2032,1.0
GLOBAL,PWRWAVKENXX01,WAVKENXX,1,2033,1.0
GLOBAL,PWRWAVKENXX01,WAVKENXX,1,2034,1.0
GLOBAL,PWRWAVKENXX01,WAVKENXX,1,2035,1.0
GLOBAL,PWRWAVKENXX01,WAVKENXX,1,2036,1.0
GLOBAL,PWRWAVKENXX01,WAVKENXX,1,2037,1.0
GLOBAL,PWRWAVKENXX01,WAVKENXX,1,2038,1.0
GLOBAL,PWRWAVKENXX01,WAVKENXX,1,2039,1.0
GLOBAL,PWRWAVKENXX01,WAVKENXX,1,2040,1.0
GLOBAL,PWRWAVKENXX01,WAVKENXX,1,2041,1.0
GLOBAL,PWRWAVKENXX01,WAVKENXX,1,2042,1.0
GLOBAL,PWRWAVKENXX01,WAVKENXX,1,2043,1.0
GLOBAL,PWRWAVKENXX01,WAVKENXX,1,2044,1.0
GLOBAL,PWRWAVKENXX01,WAVKENXX,1,2045,1.0
GLOBAL,PWRWAVKENXX01,WAVKENXX,1,2046,1.0
GLOBAL,PWRWAVKENXX01,WAVKENXX,1,2047,1.0
GLOBAL,PWRWAVKENXX01,WAVKENXX,1,2048,1.0
GLOBAL,PWRWAVKENXX01,WAVKENXX,1,2049,1.0
GLOBAL,PWRWAVKENXX01,WAVKENXX,1,2050,1.0
GLOBAL,PWRPETKENXX01,PETKEN,1,2021,3.06
GLOBAL,PWRPETKENXX01,PETKEN,1,2022,3.06
GLOBAL,PWRPETKENXX01,PETKEN,1,2023,3.06
GLOBAL,PWRPETKENXX01,PETKEN,1,2024,3.06
GLOBAL,PWRPETKENXX01,PETKEN,1,2025,3.06
GLOBAL,PWRPETKENXX01,PETKEN,1,2026,3.06
GLOBAL,PWRPETKENXX01,PETKEN,1,2027,3.06
GLOBAL,PWRPETKENXX01,PETKEN,1,2028,3.06
GLOBAL,PWRPETKENXX01,PETKEN,1,2029,3.06
GLOBAL,PWRPETKENXX01,PETKEN,1,2030,3.06
GLOBAL,PWRPETKENXX01,PETKEN,1,2031,3.06
GLOBAL,PWRPETKENXX01,PETKEN,1,2032,3.06
GLOBAL,PWRPETKENXX01,PETKEN,1,2033,3.06
GLOBAL,PWRPETKENXX01,PETKEN,1,2034,3.06
GLOBAL,PWRPETKENXX01,PETKEN,1,2035,3.06
GLOBAL,PWRPETKENXX01,PETKEN,1,2036,3.06
GLOBAL,PWRPETKENXX01,PETKEN,1,2037,3.06
GLOBAL,PWRPETKENXX01,PETKEN,1,2038,3.06
GLOBAL,PWRPETKENXX01,PETKEN,1,2039,3.06
GLOBAL,PWRPETKENXX01,PETKEN,1,2040,3.06
GLOBAL,PWRPETKENXX01,PETKEN,1,2041,3.06
GLOBAL,PWRPETKENXX01,PETKEN,1,2042,3.06
GLOBAL,PWRPETKENXX01,PETKEN,1,2043,3.06
GLOBAL,PWRPETKENXX01,PETKEN,1,2044,3.06
GLOBAL,PWRPETKENXX01,PETKEN,1,2045,3.06
GLOBAL,PWRPETKENXX01,PETKEN,1,2046,3.06
GLOBAL,PWRPETKENXX01,PETKEN,1,2047,3.06
GLOBAL,PWRPETKENXX01,PETKEN,1,2048,3.06
GLOBAL,PWRPETKENXX01,PETKEN,1,2049,3.06
GLOBAL,PWRPETKENXX01,PETKEN,1,2050,3.06
GLOBAL,PWRPETKENXX01,PETINT,2,2021,3.06
GLOBAL,PWRPETKENXX01,PETINT,2,2022,3.06
GLOBAL,PWRPETKENXX01,PETINT,2,2023,3.06
GLOBAL,PWRPETKENXX01,PETINT,2,2024,3.06
GLOBAL,PWRPETKENXX01,PETINT,2,2025,3.06
GLOBAL,PWRPETKENXX01,PETINT,2,2026,3.06
GLOBAL,PWRPETKENXX01,PETINT,2,2027,3.06
GLOBAL,PWRPETKENXX01,PETINT,2,2028,3.06
GLOBAL,PWRPETKENXX01,PETINT,2,2029,3.06
GLOBAL,PWRPETKENXX01,PETINT,2,2030,3.06
GLOBAL,PWRPETKENXX01,PETINT,2,2031,3.06
GLOBAL,PWRPETKENXX01,PETINT,2,2032,3.06
GLOBAL,PWRPETKENXX01,PETINT,2,2033,3.06
GLOBAL,PWRPETKENXX01,PETINT,2,2034,3.06
GLOBAL,PWRPETKENXX01,PETINT,2,2035,3.06
GLOBAL,PWRPETKENXX01,PETINT,2,2036,3.06
GLOBAL,PWRPETKENXX01,PETINT,2,2037,3.06
GLOBAL,PWRPETKENXX01,PETINT,2,2038,3.06
GLOBAL,PWRPETKENXX01,PETINT,2,2039,3.06
GLOBAL,PWRPETKENXX01,PETINT,2,2040,3.06
GLOBAL,PWRPETKENXX01,PETINT,2,2041,3.06
GLOBAL,PWRPETKENXX01,PETINT,2,2042,3.06
GLOBAL,PWRPETKENXX01,PETINT,2,2043,3.06
GLOBAL,PWRPETKENXX01,PETINT,2,2044,3.06
GLOBAL,PWRPETKENXX01,PETINT,2,2045,3.06
GLOBAL,PWRPETKENXX01,PETINT,2,2046,3.06
GLOBAL,PWRPETKENXX01,PETINT,2,2047,3.06
GLOBAL,PWRPETKENXX01,PETINT,2,2048,3.06
GLOBAL,PWRPETKENXX01,PETINT,2,2049,3.06
GLOBAL,PWRPETKENXX01,PETINT,2,2050,3.06
GLOBAL,PWRGEOKENXX01,GEOKENXX,1,2021,1.0
GLOBAL,PWRGEOKENXX01,GEOKENXX,1,2022,1.0
GLOBAL,PWRGEOKENXX01,GEOKENXX,1,2023,1.0
GLOBAL,PWRGEOKENXX01,GEOKENXX,1,2024,1.0
GLOBAL,PWRGEOKENXX01,GEOKENXX,1,2025,1.0
GLOBAL,PWRGEOKENXX01,GEOKENXX,1,2026,1.0
GLOBAL,PWRGEOKENXX01,GEOKENXX,1,2027,1.0
GLOBAL,PWRGEOKENXX01,GEOKENXX,1,2028,1.0
GLOBAL,PWRGEOKENXX01,GEOKENXX,1,2029,1.0
GLOBAL,PWRGEOKENXX01,GEOKENXX,1,2030,1.0
GLOBAL,PWRGEOKENXX01,GEOKENXX,1,2031,1.0
GLOBAL,PWRGEOKENXX01,GEOKENXX,1,2032,1.0
GLOBAL,PWRGEOKENXX01,GEOKENXX,1,2033,1.0
GLOBAL,PWRGEOKENXX01,GEOKENXX,1,2034,1.0
GLOBAL,PWRGEOKENXX01,GEOKENXX,1,2035,1.0
GLOBAL,PWRGEOKENXX01,GEOKENXX,1,2036,1.0
GLOBAL,PWRGEOKENXX01,GEOKENXX,1,2037,1.0
GLOBAL,PWRGEOKENXX01,GEOKENXX,1,2038,1.0
GLOBAL,PWRGEOKENXX01,GEOKENXX,1,2039,1.0
GLOBAL,PWRGEOKENXX01,GEOKENXX,1,2040,1.0
GLOBAL,PWRGEOKENXX01,GEOKENXX,1,2041,1.0
GLOBAL,PWRGEOKENXX01,GEOKENXX,1,2042,1.0
GLOBAL,PWRGEOKENXX01,GEOKENXX,1,2043,1.0
GLOBAL,PWRGEOKENXX01,GEOKENXX,1,2044,1.0
GLOBAL,PWRGEOKENXX01,GEOKENXX,1,2045,1.0
GLOBAL,PWRGEOKENXX01,GEOKENXX,1,2046,1.0
GLOBAL,PWRGEOKENXX01,GEOKENXX,1,2047,1.0
GLOBAL,PWRGEOKENXX01,GEOKENXX,1,2048,1.0
GLOBAL,PWRGEOKENXX01,GEOKENXX,1,2049,1.0
GLOBAL,PWRGEOKENXX01,GEOKENXX,1,2050,1.0
GLOBAL,PWRCOGKENXX01,COGKEN,1,2021,2.92
GLOBAL,PWRCOGKENXX01,COGKEN,1,2022,2.92
GLOBAL,PWRCOGKENXX01,COGKEN,1,2023,2.92
GLOBAL,PWRCOGKENXX01,COGKEN,1,2024,2.92
GLOBAL,PWRCOGKENXX01,COGKEN,1,2025,2.92
GLOBAL,PWRCOGKENXX01,COGKEN,1,2026,2.92
GLOBAL,PWRCOGKENXX01,COGKEN,1,2027,2.92
GLOBAL,PWRCOGKENXX01,COGKEN,1,2028,2.92
GLOBAL,PWRCOGKENXX01,COGKEN,1,2029,2.92
GLOBAL,PWRCOGKENXX01,COGKEN,1,2030,2.92
GLOBAL,PWRCOGKENXX01,COGKEN,1,2031,2.92
GLOBAL,PWRCOGKENXX01,COGKEN,1,2032,2.92
GLOBAL,PWRCOGKENXX01,COGKEN,1,2033,2.92
GLOBAL,PWRCOGKENXX01,COGKEN,1,2034,2.92
GLOBAL,PWRCOGKENXX01,COGKEN,1,2035,2.92
GLOBAL,PWRCOGKENXX01,COGKEN,1,2036,2.92
GLOBAL,PWRCOGKENXX01,COGKEN,1,2037,2.92
GLOBAL,PWRCOGKENXX01,COGKEN,1,2038,2.92
GLOBAL,PWRCOGKENXX01,COGKEN,1,2039,2.92
GLOBAL,PWRCOGKENXX01,COGKEN,1,2040,2.92
GLOBAL,PWRCOGKENXX01,COGKEN,1,2041,2.92
GLOBAL,PWRCOGKENXX01,COGKEN,1,2042,2.92
GLOBAL,PWRCOGKENXX01,COGKEN,1,2043,2.92
GLOBAL,PWRCOGKENXX01,COGKEN,1,2044,2.92
GLOBAL,PWRCOGKENXX01,COGKEN,1,2045,2.92
GLOBAL,PWRCOGKENXX01,COGKEN,1,2046,2.92
GLOBAL,PWRCOGKENXX01,COGKEN,1,2047,2.92
GLOBAL,PWRCOGKENXX01,COGKEN,1,2048,2.92
GLOBAL,PWRCOGKENXX01,COGKEN,1,2049,2.92
GLOBAL,PWRCOGKENXX01,COGKEN,1,2050,2.92
GLOBAL,PWRCOGKENXX01,COGINT,2,2021,2.92
GLOBAL,PWRCOGKENXX01,COGINT,2,2022,2.92
GLOBAL,PWRCOGKENXX01,COGINT,2,2023,2.92
GLOBAL,PWRCOGKENXX01,COGINT,2,2024,2.92
GLOBAL,PWRCOGKENXX01,COGINT,2,2025,2.92
GLOBAL,PWRCOGKENXX01,COGINT,2,2026,2.92
GLOBAL,PWRCOGKENXX01,COGINT,2,2027,2.92
GLOBAL,PWRCOGKENXX01,COGINT,2,2028,2.92
GLOBAL,PWRCOGKENXX01,COGINT,2,2029,2.92
GLOBAL,PWRCOGKENXX01,COGINT,2,2030,2.92
GLOBAL,PWRCOGKENXX01,COGINT,2,2031,2.92
GLOBAL,PWRCOGKENXX01,COGINT,2,2032,2.92
GLOBAL,PWRCOGKENXX01,COGINT,2,2033,2.92
GLOBAL,PWRCOGKENXX01,COGINT,2,2034,2.92
GLOBAL,PWRCOGKENXX01,COGINT,2,2035,2.92
GLOBAL,PWRCOGKENXX01,COGINT,2,2036,2.92
GLOBAL,PWRCOGKENXX01,COGINT,2,2037,2.92
GLOBAL,PWRCOGKENXX01,COGINT,2,2038,2.92
GLOBAL,PWRCOGKENXX01,COGINT,2,2039,2.92
GLOBAL,PWRCOGKENXX01,COGINT,2,2040,2.92
GLOBAL,PWRCOGKENXX01,COGINT,2,2041,2.92
GLOBAL,PWRCOGKENXX01,COGINT,2,2042,2.92
GLOBAL,PWRCOGKENXX01,COGINT,2,2043,2.92
GLOBAL,PWRCOGKENXX01,COGINT,2,2044,2.92
GLOBAL,PWRCOGKENXX01,COGINT,2,2045,2.92
GLOBAL,PWRCOGKENXX01,COGINT,2,2046,2.92
GLOBAL,PWRCOGKENXX01,COGINT,2,2047,2.92
GLOBAL,PWRCOGKENXX01,COGINT,2,2048,2.92
GLOBAL,PWRCOGKENXX01,COGINT,2,2049,2.92
GLOBAL,PWRCOGKENXX01,COGINT,2,2050,2.92
GLOBAL,PWRCCSKENXX01,COAKEN,1,2021,3.0
GLOBAL,PWRCCSKENXX01,COAKEN,1,2022,3.0
GLOBAL,PWRCCSKENXX01,COAKEN,1,2023,3.0
GLOBAL,PWRCCSKENXX01,COAKEN,1,2024,3.0
GLOBAL,PWRCCSKENXX01,COAKEN,1,2025,3.0
GLOBAL,PWRCCSKENXX01,COAKEN,1,2026,3.0
GLOBAL,PWRCCSKENXX01,COAKEN,1,2027,3.0
GLOBAL,PWRCCSKENXX01,COAKEN,1,2028,3.0
GLOBAL,PWRCCSKENXX01,COAKEN,1,2029,3.0
GLOBAL,PWRCCSKENXX01,COAKEN,1,2030,3.0
GLOBAL,PWRCCSKENXX01,COAKEN,1,2031,3.0
GLOBAL,PWRCCSKENXX01,COAKEN,1,2032,3.0
GLOBAL,PWRCCSKENXX01,COAKEN,1,2033,3.0
GLOBAL,PWRCCSKENXX01,COAKEN,1,2034,3.0
GLOBAL,PWRCCSKENXX01,COAKEN,1,2035,3.0
GLOBAL,PWRCCSKENXX01,COAKEN,1,2036,3.0
GLOBAL,PWRCCSKENXX01,COAKEN,1,2037,3.0
GLOBAL,PWRCCSKENXX01,COAKEN,1,2038,3.0
GLOBAL,PWRCCSKENXX01,COAKEN,1,2039,3.0
GLOBAL,PWRCCSKENXX01,COAKEN,1,2040,3.0
GLOBAL,PWRCCSKENXX01,COAKEN,1,2041,3.0
GLOBAL,PWRCCSKENXX01,COAKEN,1,2042,3.0
GLOBAL,PWRCCSKENXX01,COAKEN,1,2043,3.0
GLOBAL,PWRCCSKENXX01,COAKEN,1,2044,3.0
GLOBAL,PWRCCSKENXX01,COAKEN,1,2045,3.0
GLOBAL,PWRCCSKENXX01,COAKEN,1,2046,3.0
GLOBAL,PWRCCSKENXX01,COAKEN,1,2047,3.0
GLOBAL,PWRCCSKENXX01,COAKEN,1,2048,3.0
GLOBAL,PWRCCSKENXX01,COAKEN,1,2049,3.0
GLOBAL,PWRCCSKENXX01,COAKEN,1,2050,3.0
GLOBAL,PWRCCSKENXX01,COAINT,2,2021,3.0
GLOBAL,PWRCCSKENXX01,COAINT,2,2022,3.0
GLOBAL,PWRCCSKENXX01,COAINT,2,2023,3.0
GLOBAL,PWRCCSKENXX01,COAINT,2,2024,3.0
GLOBAL,PWRCCSKENXX01,COAINT,2,2025,3.0
GLOBAL,PWRCCSKENXX01,COAINT,2,2026,3.0
GLOBAL,PWRCCSKENXX01,COAINT,2,2027,3.0
GLOBAL,PWRCCSKENXX01,COAINT,2,2028,3.0
GLOBAL,PWRCCSKENXX01,COAINT,2,2029,3.0
GLOBAL,PWRCCSKENXX01,COAINT,2,2030,3.0
GLOBAL,PWRCCSKENXX01,COAINT,2,2031,3.0
GLOBAL,PWRCCSKENXX01,COAINT,2,2032,3.0
GLOBAL,PWRCCSKENXX01,COAINT,2,2033,3.0
GLOBAL,PWRCCSKENXX01,COAINT,2,2034,3.0
GLOBAL,PWRCCSKENXX01,COAINT,2,2035,3.0
GLOBAL,PWRCCSKENXX01,COAINT,2,2036,3.0
GLOBAL,PWRCCSKENXX01,COAINT,2,2037,3.0
GLOBAL,PWRCCSKENXX01,COAINT,2,2038,3.0
GLOBAL,PWRCCSKENXX01,COAINT,2,2039,3.0
GLOBAL,PWRCCSKENXX01,COAINT,2,2040,3.0
GLOBAL,PWRCCSKENXX01,COAINT,2,2041,3.0
GLOBAL,PWRCCSKENXX01,COAINT,2,2042,3.0
GLOBAL,PWRCCSKENXX01,COAINT,2,2043,3.0
GLOBAL,PWRCCSKENXX01,COAINT,2,2044,3.0
GLOBAL,PWRCCSKENXX01,COAINT,2,2045,3.0
GLOBAL,PWRCCSKENXX01,COAINT,2,2046,3.0
GLOBAL,PWRCCSKENXX01,COAINT,2,2047,3.0
GLOBAL,PWRCCSKENXX01,COAINT,2,2048,3.0
GLOBAL,PWRCCSKENXX01,COAINT,2,2049,3.0
GLOBAL,PWRCCSKENXX01,COAINT,2,2050,3.0
GLOBAL,PWRCCGTZAXX00,GASTZA,1,2021,2.47
GLOBAL,PWRCCGTZAXX00,GASTZA,1,2022,2.47
GLOBAL,PWRCCGTZAXX00,GASTZA,1,2023,2.47
GLOBAL,PWRCCGTZAXX00,GASTZA,1,2024,2.47
GLOBAL,PWRCCGTZAXX00,GASTZA,1,2025,2.47
GLOBAL,PWRCCGTZAXX00,GASTZA,1,2026,2.47
GLOBAL,PWRCCGTZAXX00,GASTZA,1,2027,2.47
GLOBAL,PWRCCGTZAXX00,GASTZA,1,2028,2.47
GLOBAL,PWRCCGTZAXX00,GASTZA,1,2029,2.47
GLOBAL,PWRCCGTZAXX00,GASTZA,1,2030,2.47
GLOBAL,PWRCCGTZAXX00,GASTZA,1,2031,2.47
GLOBAL,PWRCCGTZAXX00,GASTZA,1,2032,2.47
GLOBAL,PWRCCGTZAXX00,GASTZA,1,2033,2.47
GLOBAL,PWRCCGTZAXX00,GASTZA,1,2034,2.47
GLOBAL,PWRCCGTZAXX00,GASTZA,1,2035,2.47
GLOBAL,PWRCCGTZAXX00,GASTZA,1,2036,2.47
GLOBAL,PWRCCGTZAXX00,GASTZA,1,2037,2.47
GLOBAL,PWRCCGTZAXX00,GASTZA,1,2038,2.47
GLOBAL,PWRCCGTZAXX00,GASTZA,1,2039,2.47
GLOBAL,PWRCCGTZAXX00,GASTZA,1,2040,2.47
GLOBAL,PWRCCGTZAXX00,GASTZA,1,2041,2.47
GLOBAL,PWRCCGTZAXX00,GASTZA,1,2042,2.47
GLOBAL,PWRCCGTZAXX00,GASTZA,1,2043,2.47
GLOBAL,PWRCCGTZAXX00,GASTZA,1,2044,2.47
GLOBAL,PWRCCGTZAXX00,GASTZA,1,2045,2.47
GLOBAL,PWRCCGTZAXX00,GASTZA,1,2046,2.47
GLOBAL,PWRCCGTZAXX00,GASTZA,1,2047,2.47
GLOBAL,PWRCCGTZAXX00,GASTZA,1,2048,2.47
GLOBAL,PWRCCGTZAXX00,GASTZA,1,2049,2.47
GLOBAL,PWRCCGTZAXX00,GASTZA,1,2050,2.47
GLOBAL,PWRCCGTZAXX00,GASINT,2,2021,2.47
GLOBAL,PWRCCGTZAXX00,GASINT,2,2022,2.47
GLOBAL,PWRCCGTZAXX00,GASINT,2,2023,2.47
GLOBAL,PWRCCGTZAXX00,GASINT,2,2024,2.47
GLOBAL,PWRCCGTZAXX00,GASINT,2,2025,2.47
GLOBAL,PWRCCGTZAXX00,GASINT,2,2026,2.47
GLOBAL,PWRCCGTZAXX00,GASINT,2,2027,2.47
GLOBAL,PWRCCGTZAXX00,GASINT,2,2028,2.47
GLOBAL,PWRCCGTZAXX00,GASINT,2,2029,2.47
GLOBAL,PWRCCGTZAXX00,GASINT,2,2030,2.47
GLOBAL,PWRCCGTZAXX00,GASINT,2,2031,2.47
GLOBAL,PWRCCGTZAXX00,GASINT,2,2032,2.47
GLOBAL,PWRCCGTZAXX00,GASINT,2,2033,2.47
GLOBAL,PWRCCGTZAXX00,GASINT,2,2034,2.47
GLOBAL,PWRCCGTZAXX00,GASINT,2,2035,2.47
GLOBAL,PWRCCGTZAXX00,GASINT,2,2036,2.47
GLOBAL,PWRCCGTZAXX00,GASINT,2,2037,2.47
GLOBAL,PWRCCGTZAXX00,GASINT,2,2038,2.47
GLOBAL,PWRCCGTZAXX00,GASINT,2,2039,2.47
GLOBAL,PWRCCGTZAXX00,GASINT,2,2040,2.47
GLOBAL,PWRCCGTZAXX00,GASINT,2,2041,2.47
GLOBAL,PWRCCGTZAXX00,GASINT,2,2042,2.47
GLOBAL,PWRCCGTZAXX00,GASINT,2,2043,2.47
GLOBAL,PWRCCGTZAXX00,GASINT,2,2044,2.47
GLOBAL,PWRCCGTZAXX00,GASINT,2,2045,2.47
GLOBAL,PWRCCGTZAXX00,GASINT,2,2046,2.47
GLOBAL,PWRCCGTZAXX00,GASINT,2,2047,2.47
GLOBAL,PWRCCGTZAXX00,GASINT,2,2048,2.47
GLOBAL,PWRCCGTZAXX00,GASINT,2,2049,2.47
GLOBAL,PWRCCGTZAXX00,GASINT,2,2050,2.47
GLOBAL,PWROCGTZAXX00,GASTZA,1,2021,2.79
GLOBAL,PWROCGTZAXX00,GASTZA,1,2022,2.79
GLOBAL,PWROCGTZAXX00,GASTZA,1,2023,2.79
GLOBAL,PWROCGTZAXX00,GASTZA,1,2024,2.79
GLOBAL,PWROCGTZAXX00,GASTZA,1,2025,2.79
GLOBAL,PWROCGTZAXX00,GASTZA,1,2026,2.79
GLOBAL,PWROCGTZAXX00,GASTZA,1,2027,2.79
GLOBAL,PWROCGTZAXX00,GASTZA,1,2028,2.79
GLOBAL,PWROCGTZAXX00,GASTZA,1,2029,2.79
GLOBAL,PWROCGTZAXX00,GASTZA,1,2030,2.79
GLOBAL,PWROCGTZAXX00,GASTZA,1,2031,2.79
GLOBAL,PWROCGTZAXX00,GASTZA,1,2032,2.79
GLOBAL,PWROCGTZAXX00,GASTZA,1,2033,2.79
GLOBAL,PWROCGTZAXX00,GASTZA,1,2034,2.79
GLOBAL,PWROCGTZAXX00,GASTZA,1,2035,2.79
GLOBAL,PWROCGTZAXX00,GASTZA,1,2036,2.79
GLOBAL,PWROCGTZAXX00,GASTZA,1,2037,2.79
GLOBAL,PWROCGTZAXX00,GASTZA,1,2038,2.79
GLOBAL,PWROCGTZAXX00,GASTZA,1,2039,2.79
GLOBAL,PWROCGTZAXX00,GASTZA,1,2040,2.79
GLOBAL,PWROCGTZAXX00,GASTZA,1,2041,2.79
GLOBAL,PWROCGTZAXX00,GASTZA,1,2042,2.79
GLOBAL,PWROCGTZAXX00,GASTZA,1,2043,2.79
GLOBAL,PWROCGTZAXX00,GASTZA,1,2044,2.79
GLOBAL,PWROCGTZAXX00,GASTZA,1,2045,2.79
GLOBAL,PWROCGTZAXX00,GASTZA,1,2046,2.79
GLOBAL,PWROCGTZAXX00,GASTZA,1,2047,2.79
GLOBAL,PWROCGTZAXX00,GASTZA,1,2048,2.79
GLOBAL,PWROCGTZAXX00,GASTZA,1,2049,2.79
GLOBAL,PWROCGTZAXX00,GASTZA,1,2050,2.79
GLOBAL,PWROCGTZAXX00,GASINT,2,2021,2.79
GLOBAL,PWROCGTZAXX00,GASINT,2,2022,2.79
GLOBAL,PWROCGTZAXX00,GASINT,2,2023,2.79
GLOBAL,PWROCGTZAXX00,GASINT,2,2024,2.79
GLOBAL,PWROCGTZAXX00,GASINT,2,2025,2.79
GLOBAL,PWROCGTZAXX00,GASINT,2,2026,2.79
GLOBAL,PWROCGTZAXX00,GASINT,2,2027,2.79
GLOBAL,PWROCGTZAXX00,GASINT,2,2028,2.79
GLOBAL,PWROCGTZAXX00,GASINT,2,2029,2.79
GLOBAL,PWROCGTZAXX00,GASINT,2,2030,2.79
GLOBAL,PWROCGTZAXX00,GASINT,2,2031,2.79
GLOBAL,PWROCGTZAXX00,GASINT,2,2032,2.79
GLOBAL,PWROCGTZAXX00,GASINT,2,2033,2.79
GLOBAL,PWROCGTZAXX00,GASINT,2,2034,2.79
GLOBAL,PWROCGTZAXX00,GASINT,2,2035,2.79
GLOBAL,PWROCGTZAXX00,GASINT,2,2036,2.79
GLOBAL,PWROCGTZAXX00,GASINT,2,2037,2.79
GLOBAL,PWROCGTZAXX00,GASINT,2,2038,2.79
GLOBAL,PWROCGTZAXX00,GASINT,2,2039,2.79
GLOBAL,PWROCGTZAXX00,GASINT,2,2040,2.79
GLOBAL,PWROCGTZAXX00,GASINT,2,2041,2.79
GLOBAL,PWROCGTZAXX00,GASINT,2,2042,2.79
GLOBAL,PWROCGTZAXX00,GASINT,2,2043,2.79
GLOBAL,PWROCGTZAXX00,GASINT,2,2044,2.79
GLOBAL,PWROCGTZAXX00,GASINT,2,2045,2.79
GLOBAL,PWROCGTZAXX00,GASINT,2,2046,2.79
GLOBAL,PWROCGTZAXX00,GASINT,2,2047,2.79
GLOBAL,PWROCGTZAXX00,GASINT,2,2048,2.79
GLOBAL,PWROCGTZAXX00,GASINT,2,2049,2.79
GLOBAL,PWROCGTZAXX00,GASINT,2,2050,2.79
GLOBAL,PWRHYDTZAXX01,HYDTZAXX,1,2021,1.0
GLOBAL,PWRHYDTZAXX01,HYDTZAXX,1,2022,1.0
GLOBAL,PWRHYDTZAXX01,HYDTZAXX,1,2023,1.0
GLOBAL,PWRHYDTZAXX01,HYDTZAXX,1,2024,1.0
GLOBAL,PWRHYDTZAXX01,HYDTZAXX,1,2025,1.0
GLOBAL,PWRHYDTZAXX01,HYDTZAXX,1,2026,1.0
GLOBAL,PWRHYDTZAXX01,HYDTZAXX,1,2027,1.0
GLOBAL,PWRHYDTZAXX01,HYDTZAXX,1,2028,1.0
GLOBAL,PWRHYDTZAXX01,HYDTZAXX,1,2029,1.0
GLOBAL,PWRHYDTZAXX01,HYDTZAXX,1,2030,1.0
GLOBAL,PWRHYDTZAXX01,HYDTZAXX,1,2031,1.0
GLOBAL,PWRHYDTZAXX01,HYDTZAXX,1,2032,1.0
GLOBAL,PWRHYDTZAXX01,HYDTZAXX,1,2033,1.0
GLOBAL,PWRHYDTZAXX01,HYDTZAXX,1,2034,1.0
GLOBAL,PWRHYDTZAXX01,HYDTZAXX,1,2035,1.0
GLOBAL,PWRHYDTZAXX01,HYDTZAXX,1,2036,1.0
GLOBAL,PWRHYDTZAXX01,HYDTZAXX,1,2037,1.0
GLOBAL,PWRHYDTZAXX01,HYDTZAXX,1,2038,1.0
GLOBAL,PWRHYDTZAXX01,HYDTZAXX,1,2039,1.0
GLOBAL,PWRHYDTZAXX01,HYDTZAXX,1,2040,1.0
GLOBAL,PWRHYDTZAXX01,HYDTZAXX,1,2041,1.0
GLOBAL,PWRHYDTZAXX01,HYDTZAXX,1,2042,1.0
GLOBAL,PWRHYDTZAXX01,HYDTZAXX,1,2043,1.0
GLOBAL,PWRHYDTZAXX01,HYDTZAXX,1,2044,1.0
GLOBAL,PWRHYDTZAXX01,HYDTZAXX,1,2045,1.0
GLOBAL,PWRHYDTZAXX01,HYDTZAXX,1,2046,1.0
GLOBAL,PWRHYDTZAXX01,HYDTZAXX,1,2047,1.0
GLOBAL,PWRHYDTZAXX01,HYDTZAXX,1,2048,1.0
GLOBAL,PWRHYDTZAXX01,HYDTZAXX,1,2049,1.0
GLOBAL,PWRHYDTZAXX01,HYDTZAXX,1,2050,1.0
GLOBAL,PWROILTZAXX01,OILTZA,1,2021,2.78
GLOBAL,PWROILTZAXX01,OILTZA,1,2022,2.78
GLOBAL,PWROILTZAXX01,OILTZA,1,2023,2.78
GLOBAL,PWROILTZAXX01,OILTZA,1,2024,2.78
GLOBAL,PWROILTZAXX01,OILTZA,1,2025,2.78
GLOBAL,PWROILTZAXX01,OILTZA,1,2026,2.78
GLOBAL,PWROILTZAXX01,OILTZA,1,2027,2.78
GLOBAL,PWROILTZAXX01,OILTZA,1,2028,2.78
GLOBAL,PWROILTZAXX01,OILTZA,1,2029,2.78
GLOBAL,PWROILTZAXX01,OILTZA,1,2030,2.78
GLOBAL,PWROILTZAXX01,OILTZA,1,2031,2.78
GLOBAL,PWROILTZAXX01,OILTZA,1,2032,2.78
GLOBAL,PWROILTZAXX01,OILTZA,1,2033,2.78
GLOBAL,PWROILTZAXX01,OILTZA,1,2034,2.78
GLOBAL,PWROILTZAXX01,OILTZA,1,2035,2.78
GLOBAL,PWROILTZAXX01,OILTZA,1,2036,2.78
GLOBAL,PWROILTZAXX01,OILTZA,1,2037,2.78
GLOBAL,PWROILTZAXX01,OILTZA,1,2038,2.78
GLOBAL,PWROILTZAXX01,OILTZA,1,2039,2.78
GLOBAL,PWROILTZAXX01,OILTZA,1,2040,2.78
GLOBAL,PWROILTZAXX01,OILTZA,1,2041,2.78
GLOBAL,PWROILTZAXX01,OILTZA,1,2042,2.78
GLOBAL,PWROILTZAXX01,OILTZA,1,2043,2.78
GLOBAL,PWROILTZAXX01,OILTZA,1,2044,2.78
GLOBAL,PWROILTZAXX01,OILTZA,1,2045,2.78
GLOBAL,PWROILTZAXX01,OILTZA,1,2046,2.78
GLOBAL,PWROILTZAXX01,OILTZA,1,2047,2.78
GLOBAL,PWROILTZAXX01,OILTZA,1,2048,2.78
GLOBAL,PWROILTZAXX01,OILTZA,1,2049,2.78
GLOBAL,PWROILTZAXX01,OILTZA,1,2050,2.78
GLOBAL,PWROILTZAXX01,OILINT,2,2021,2.78
GLOBAL,PWROILTZAXX01,OILINT,2,2022,2.78
GLOBAL,PWROILTZAXX01,OILINT,2,2023,2.78
GLOBAL,PWROILTZAXX01,OILINT,2,2024,2.78
GLOBAL,PWROILTZAXX01,OILINT,2,2025,2.78
GLOBAL,PWROILTZAXX01,OILINT,2,2026,2.78
GLOBAL,PWROILTZAXX01,OILINT,2,2027,2.78
GLOBAL,PWROILTZAXX01,OILINT,2,2028,2.78
GLOBAL,PWROILTZAXX01,OILINT,2,2029,2.78
GLOBAL,PWROILTZAXX01,OILINT,2,2030,2.78
GLOBAL,PWROILTZAXX01,OILINT,2,2031,2.78
GLOBAL,PWROILTZAXX01,OILINT,2,2032,2.78
GLOBAL,PWROILTZAXX01,OILINT,2,2033,2.78
GLOBAL,PWROILTZAXX01,OILINT,2,2034,2.78
GLOBAL,PWROILTZAXX01,OILINT,2,2035,2.78
GLOBAL,PWROILTZAXX01,OILINT,2,2036,2.78
GLOBAL,PWROILTZAXX01,OILINT,2,2037,2.78
GLOBAL,PWROILTZAXX01,OILINT,2,2038,2.78
GLOBAL,PWROILTZAXX01,OILINT,2,2039,2.78
GLOBAL,PWROILTZAXX01,OILINT,2,2040,2.78
GLOBAL,PWROILTZAXX01,OILINT,2,2041,2.78
GLOBAL,PWROILTZAXX01,OILINT,2,2042,2.78
GLOBAL,PWROILTZAXX01,OILINT,2,2043,2.78
GLOBAL,PWROILTZAXX01,OILINT,2,2044,2.78
GLOBAL,PWROILTZAXX01,OILINT,2,2045,2.78
GLOBAL,PWROILTZAXX01,OILINT,2,2046,2.78
GLOBAL,PWROILTZAXX01,OILINT,2,2047,2.78
GLOBAL,PWROILTZAXX01,OILINT,2,2048,2.78
GLOBAL,PWROILTZAXX01,OILINT,2,2049,2.78
GLOBAL,PWROILTZAXX01,OILINT,2,2050,2.78
GLOBAL,PWRSPVTZAXX01,SPVTZAXX,1,2021,1.0
GLOBAL,PWRSPVTZAXX01,SPVTZAXX,1,2022,1.0
GLOBAL,PWRSPVTZAXX01,SPVTZAXX,1,2023,1.0
GLOBAL,PWRSPVTZAXX01,SPVTZAXX,1,2024,1.0
GLOBAL,PWRSPVTZAXX01,SPVTZAXX,1,2025,1.0
GLOBAL,PWRSPVTZAXX01,SPVTZAXX,1,2026,1.0
GLOBAL,PWRSPVTZAXX01,SPVTZAXX,1,2027,1.0
GLOBAL,PWRSPVTZAXX01,SPVTZAXX,1,2028,1.0
GLOBAL,PWRSPVTZAXX01,SPVTZAXX,1,2029,1.0
GLOBAL,PWRSPVTZAXX01,SPVTZAXX,1,2030,1.0
GLOBAL,PWRSPVTZAXX01,SPVTZAXX,1,2031,1.0
GLOBAL,PWRSPVTZAXX01,SPVTZAXX,1,2032,1.0
GLOBAL,PWRSPVTZAXX01,SPVTZAXX,1,2033,1.0
GLOBAL,PWRSPVTZAXX01,SPVTZAXX,1,2034,1.0
GLOBAL,PWRSPVTZAXX01,SPVTZAXX,1,2035,1.0
GLOBAL,PWRSPVTZAXX01,SPVTZAXX,1,2036,1.0
GLOBAL,PWRSPVTZAXX01,SPVTZAXX,1,2037,1.0
GLOBAL,PWRSPVTZAXX01,SPVTZAXX,1,2038,1.0
GLOBAL,PWRSPVTZAXX01,SPVTZAXX,1,2039,1.0
GLOBAL,PWRSPVTZAXX01,SPVTZAXX,1,2040,1.0
GLOBAL,PWRSPVTZAXX01,SPVTZAXX,1,2041,1.0
GLOBAL,PWRSPVTZAXX01,SPVTZAXX,1,2042,1.0
GLOBAL,PWRSPVTZAXX01,SPVTZAXX,1,2043,1.0
GLOBAL,PWRSPVTZAXX01,SPVTZAXX,1,2044,1.0
GLOBAL,PWRSPVTZAXX01,SPVTZAXX,1,2045,1.0
GLOBAL,PWRSPVTZAXX01,SPVTZAXX,1,2046,1.0
GLOBAL,PWRSPVTZAXX01,SPVTZAXX,1,2047,1.0
GLOBAL,PWRSPVTZAXX01,SPVTZAXX,1,2048,1.0
GLOBAL,PWRSPVTZAXX01,SPVTZAXX,1,2049,1.0
GLOBAL,PWRSPVTZAXX01,SPVTZAXX,1,2050,1.0
GLOBAL,PWROTHTZAXX01,OTHTZA,1,2021,1.0
GLOBAL,PWROTHTZAXX01,OTHTZA,1,2022,1.0
GLOBAL,PWROTHTZAXX01,OTHTZA,1,2023,1.0
GLOBAL,PWROTHTZAXX01,OTHTZA,1,2024,1.0
GLOBAL,PWROTHTZAXX01,OTHTZA,1,2025,1.0
GLOBAL,PWROTHTZAXX01,OTHTZA,1,2026,1.0
GLOBAL,PWROTHTZAXX01,OTHTZA,1,2027,1.0
GLOBAL,PWROTHTZAXX01,OTHTZA,1,2028,1.0
GLOBAL,PWROTHTZAXX01,OTHTZA,1,2029,1.0
GLOBAL,PWROTHTZAXX01,OTHTZA,1,2030,1.0
GLOBAL,PWROTHTZAXX01,OTHTZA,1,2031,1.0
GLOBAL,PWROTHTZAXX01,OTHTZA,1,2032,1.0
GLOBAL,PWROTHTZAXX01,OTHTZA,1,2033,1.0
GLOBAL,PWROTHTZAXX01,OTHTZA,1,2034,1.0
GLOBAL,PWROTHTZAXX01,OTHTZA,1,2035,1.0
GLOBAL,PWROTHTZAXX01,OTHTZA,1,2036,1.0
GLOBAL,PWROTHTZAXX01,OTHTZA,1,2037,1.0
GLOBAL,PWROTHTZAXX01,OTHTZA,1,2038,1.0
GLOBAL,PWROTHTZAXX01,OTHTZA,1,2039,1.0
GLOBAL,PWROTHTZAXX01,OTHTZA,1,2040,1.0
GLOBAL,PWROTHTZAXX01,OTHTZA,1,2041,1.0
GLOBAL,PWROTHTZAXX01,OTHTZA,1,2042,1.0
GLOBAL,PWROTHTZAXX01,OTHTZA,1,2043,1.0
GLOBAL,PWROTHTZAXX01,OTHTZA,1,2044,1.0
GLOBAL,PWROTHTZAXX01,OTHTZA,1,2045,1.0
GLOBAL,PWROTHTZAXX01,OTHTZA,1,2046,1.0
GLOBAL,PWROTHTZAXX01,OTHTZA,1,2047,1.0
GLOBAL,PWROTHTZAXX01,OTHTZA,1,2048,1.0
GLOBAL,PWROTHTZAXX01,OTHTZA,1,2049,1.0
GLOBAL,PWROTHTZAXX01,OTHTZA,1,2050,1.0
GLOBAL,PWROTHTZAXX01,OTHINT,2,2021,1.0
GLOBAL,PWROTHTZAXX01,OTHINT,2,2022,1.0
GLOBAL,PWROTHTZAXX01,OTHINT,2,2023,1.0
GLOBAL,PWROTHTZAXX01,OTHINT,2,2024,1.0
GLOBAL,PWROTHTZAXX01,OTHINT,2,2025,1.0
GLOBAL,PWROTHTZAXX01,OTHINT,2,2026,1.0
GLOBAL,PWROTHTZAXX01,OTHINT,2,2027,1.0
GLOBAL,PWROTHTZAXX01,OTHINT,2,2028,1.0
GLOBAL,PWROTHTZAXX01,OTHINT,2,2029,1.0
GLOBAL,PWROTHTZAXX01,OTHINT,2,2030,1.0
GLOBAL,PWROTHTZAXX01,OTHINT,2,2031,1.0
GLOBAL,PWROTHTZAXX01,OTHINT,2,2032,1.0
GLOBAL,PWROTHTZAXX01,OTHINT,2,2033,1.0
GLOBAL,PWROTHTZAXX01,OTHINT,2,2034,1.0
GLOBAL,PWROTHTZAXX01,OTHINT,2,2035,1.0
GLOBAL,PWROTHTZAXX01,OTHINT,2,2036,1.0
GLOBAL,PWROTHTZAXX01,OTHINT,2,2037,1.0
GLOBAL,PWROTHTZAXX01,OTHINT,2,2038,1.0
GLOBAL,PWROTHTZAXX01,OTHINT,2,2039,1.0
GLOBAL,PWROTHTZAXX01,OTHINT,2,2040,1.0
GLOBAL,PWROTHTZAXX01,OTHINT,2,2041,1.0
GLOBAL,PWROTHTZAXX01,OTHINT,2,2042,1.0
GLOBAL,PWROTHTZAXX01,OTHINT,2,2043,1.0
GLOBAL,PWROTHTZAXX01,OTHINT,2,2044,1.0
GLOBAL,PWROTHTZAXX01,OTHINT,2,2045,1.0
GLOBAL,PWROTHTZAXX01,OTHINT,2,2046,1.0
GLOBAL,PWROTHTZAXX01,OTHINT,2,2047,1.0
GLOBAL,PWROTHTZAXX01,OTHINT,2,2048,1.0
GLOBAL,PWROTHTZAXX01,OTHINT,2,2049,1.0
GLOBAL,PWROTHTZAXX01,OTHINT,2,2050,1.0
GLOBAL,PWRCSPTZAXX01,CSPTZAXX,1,2021,1.0
GLOBAL,PWRCSPTZAXX01,CSPTZAXX,1,2022,1.0
GLOBAL,PWRCSPTZAXX01,CSPTZAXX,1,2023,1.0
GLOBAL,PWRCSPTZAXX01,CSPTZAXX,1,2024,1.0
GLOBAL,PWRCSPTZAXX01,CSPTZAXX,1,2025,1.0
GLOBAL,PWRCSPTZAXX01,CSPTZAXX,1,2026,1.0
GLOBAL,PWRCSPTZAXX01,CSPTZAXX,1,2027,1.0
GLOBAL,PWRCSPTZAXX01,CSPTZAXX,1,2028,1.0
GLOBAL,PWRCSPTZAXX01,CSPTZAXX,1,2029,1.0
GLOBAL,PWRCSPTZAXX01,CSPTZAXX,1,2030,1.0
GLOBAL,PWRCSPTZAXX01,CSPTZAXX,1,2031,1.0
GLOBAL,PWRCSPTZAXX01,CSPTZAXX,1,2032,1.0
GLOBAL,PWRCSPTZAXX01,CSPTZAXX,1,2033,1.0
GLOBAL,PWRCSPTZAXX01,CSPTZAXX,1,2034,1.0
GLOBAL,PWRCSPTZAXX01,CSPTZAXX,1,2035,1.0
GLOBAL,PWRCSPTZAXX01,CSPTZAXX,1,2036,1.0
GLOBAL,PWRCSPTZAXX01,CSPTZAXX,1,2037,1.0
GLOBAL,PWRCSPTZAXX01,CSPTZAXX,1,2038,1.0
GLOBAL,PWRCSPTZAXX01,CSPTZAXX,1,2039,1.0
GLOBAL,PWRCSPTZAXX01,CSPTZAXX,1,2040,1.0
GLOBAL,PWRCSPTZAXX01,CSPTZAXX,1,2041,1.0
GLOBAL,PWRCSPTZAXX01,CSPTZAXX,1,2042,1.0
GLOBAL,PWRCSPTZAXX01,CSPTZAXX,1,2043,1.0
GLOBAL,PWRCSPTZAXX01,CSPTZAXX,1,2044,1.0
GLOBAL,PWRCSPTZAXX01,CSPTZAXX,1,2045,1.0
GLOBAL,PWRCSPTZAXX01,CSPTZAXX,1,2046,1.0
GLOBAL,PWRCSPTZAXX01,CSPTZAXX,1,2047,1.0
GLOBAL,PWRCSPTZAXX01,CSPTZAXX,1,2048,1.0
GLOBAL,PWRCSPTZAXX01,CSPTZAXX,1,2049,1.0
GLOBAL,PWRCSPTZAXX01,CSPTZAXX,1,2050,1.0
GLOBAL,PWRBIOTZAXX01,BIOTZAXX,1,2021,3.33
GLOBAL,PWRBIOTZAXX01,BIOTZAXX,1,2022,3.33
GLOBAL,PWRBIOTZAXX01,BIOTZAXX,1,2023,3.33
GLOBAL,PWRBIOTZAXX01,BIOTZAXX,1,2024,3.33
GLOBAL,PWRBIOTZAXX01,BIOTZAXX,1,2025,3.33
GLOBAL,PWRBIOTZAXX01,BIOTZAXX,1,2026,3.33
GLOBAL,PWRBIOTZAXX01,BIOTZAXX,1,2027,3.33
GLOBAL,PWRBIOTZAXX01,BIOTZAXX,1,2028,3.33
GLOBAL,PWRBIOTZAXX01,BIOTZAXX,1,2029,3.33
GLOBAL,PWRBIOTZAXX01,BIOTZAXX,1,2030,3.33
GLOBAL,PWRBIOTZAXX01,BIOTZAXX,1,2031,3.33
GLOBAL,PWRBIOTZAXX01,BIOTZAXX,1,2032,3.33
GLOBAL,PWRBIOTZAXX01,BIOTZAXX,1,2033,3.33
GLOBAL,PWRBIOTZAXX01,BIOTZAXX,1,2034,3.33
GLOBAL,PWRBIOTZAXX01,BIOTZAXX,1,2035,3.33
GLOBAL,PWRBIOTZAXX01,BIOTZAXX,1,2036,3.33
GLOBAL,PWRBIOTZAXX01,BIOTZAXX,1,2037,3.33
GLOBAL,PWRBIOTZAXX01,BIOTZAXX,1,2038,3.33
GLOBAL,PWRBIOTZAXX01,BIOTZAXX,1,2039,3.33
GLOBAL,PWRBIOTZAXX01,BIOTZAXX,1,2040,3.33
GLOBAL,PWRBIOTZAXX01,BIOTZAXX,1,2041,3.33
GLOBAL,PWRBIOTZAXX01,BIOTZAXX,1,2042,3.33
GLOBAL,PWRBIOTZAXX01,BIOTZAXX,1,2043,3.33
GLOBAL,PWRBIOTZAXX01,BIOTZAXX,1,2044,3.33
GLOBAL,PWRBIOTZAXX01,BIOTZAXX,1,2045,3.33
GLOBAL,PWRBIOTZAXX01,BIOTZAXX,1,2046,3.33
GLOBAL,PWRBIOTZAXX01,BIOTZAXX,1,2047,3.33
GLOBAL,PWRBIOTZAXX01,BIOTZAXX,1,2048,3.33
GLOBAL,PWRBIOTZAXX01,BIOTZAXX,1,2049,3.33
GLOBAL,PWRBIOTZAXX01,BIOTZAXX,1,2050,3.33
GLOBAL,PWRCOATZAXX01,COATZA,1,2021,2.92
GLOBAL,PWRCOATZAXX01,COATZA,1,2022,2.92
GLOBAL,PWRCOATZAXX01,COATZA,1,2023,2.92
GLOBAL,PWRCOATZAXX01,COATZA,1,2024,2.92
GLOBAL,PWRCOATZAXX01,COATZA,1,2025,2.92
GLOBAL,PWRCOATZAXX01,COATZA,1,2026,2.92
GLOBAL,PWRCOATZAXX01,COATZA,1,2027,2.92
GLOBAL,PWRCOATZAXX01,COATZA,1,2028,2.92
GLOBAL,PWRCOATZAXX01,COATZA,1,2029,2.92
GLOBAL,PWRCOATZAXX01,COATZA,1,2030,2.92
GLOBAL,PWRCOATZAXX01,COATZA,1,2031,2.92
GLOBAL,PWRCOATZAXX01,COATZA,1,2032,2.92
GLOBAL,PWRCOATZAXX01,COATZA,1,2033,2.92
GLOBAL,PWRCOATZAXX01,COATZA,1,2034,2.92
GLOBAL,PWRCOATZAXX01,COATZA,1,2035,2.92
GLOBAL,PWRCOATZAXX01,COATZA,1,2036,2.92
GLOBAL,PWRCOATZAXX01,COATZA,1,2037,2.92
GLOBAL,PWRCOATZAXX01,COATZA,1,2038,2.92
GLOBAL,PWRCOATZAXX01,COATZA,1,2039,2.92
GLOBAL,PWRCOATZAXX01,COATZA,1,2040,2.92
GLOBAL,PWRCOATZAXX01,COATZA,1,2041,2.92
GLOBAL,PWRCOATZAXX01,COATZA,1,2042,2.92
GLOBAL,PWRCOATZAXX01,COATZA,1,2043,2.92
GLOBAL,PWRCOATZAXX01,COATZA,1,2044,2.92
GLOBAL,PWRCOATZAXX01,COATZA,1,2045,2.92
GLOBAL,PWRCOATZAXX01,COATZA,1,2046,2.92
GLOBAL,PWRCOATZAXX01,COATZA,1,2047,2.92
GLOBAL,PWRCOATZAXX01,COATZA,1,2048,2.92
GLOBAL,PWRCOATZAXX01,COATZA,1,2049,2.92
GLOBAL,PWRCOATZAXX01,COATZA,1,2050,2.92
GLOBAL,PWRCOATZAXX01,COAINT,2,2021,2.92
GLOBAL,PWRCOATZAXX01,COAINT,2,2022,2.92
GLOBAL,PWRCOATZAXX01,COAINT,2,2023,2.92
GLOBAL,PWRCOATZAXX01,COAINT,2,2024,2.92
GLOBAL,PWRCOATZAXX01,COAINT,2,2025,2.92
GLOBAL,PWRCOATZAXX01,COAINT,2,2026,2.92
GLOBAL,PWRCOATZAXX01,COAINT,2,2027,2.92
GLOBAL,PWRCOATZAXX01,COAINT,2,2028,2.92
GLOBAL,PWRCOATZAXX01,COAINT,2,2029,2.92
GLOBAL,PWRCOATZAXX01,COAINT,2,2030,2.92
GLOBAL,PWRCOATZAXX01,COAINT,2,2031,2.92
GLOBAL,PWRCOATZAXX01,COAINT,2,2032,2.92
GLOBAL,PWRCOATZAXX01,COAINT,2,2033,2.92
GLOBAL,PWRCOATZAXX01,COAINT,2,2034,2.92
GLOBAL,PWRCOATZAXX01,COAINT,2,2035,2.92
GLOBAL,PWRCOATZAXX01,COAINT,2,2036,2.92
GLOBAL,PWRCOATZAXX01,COAINT,2,2037,2.92
GLOBAL,PWRCOATZAXX01,COAINT,2,2038,2.92
GLOBAL,PWRCOATZAXX01,COAINT,2,2039,2.92
GLOBAL,PWRCOATZAXX01,COAINT,2,2040,2.92
GLOBAL,PWRCOATZAXX01,COAINT,2,2041,2.92
GLOBAL,PWRCOATZAXX01,COAINT,2,2042,2.92
GLOBAL,PWRCOATZAXX01,COAINT,2,2043,2.92
GLOBAL,PWRCOATZAXX01,COAINT,2,2044,2.92
GLOBAL,PWRCOATZAXX01,COAINT,2,2045,2.92
GLOBAL,PWRCOATZAXX01,COAINT,2,2046,2.92
GLOBAL,PWRCOATZAXX01,COAINT,2,2047,2.92
GLOBAL,PWRCOATZAXX01,COAINT,2,2048,2.92
GLOBAL,PWRCOATZAXX01,COAINT,2,2049,2.92
GLOBAL,PWRCOATZAXX01,COAINT,2,2050,2.92
GLOBAL,PWRURNTZAXX01,URNTZA,1,2021,2.22
GLOBAL,PWRURNTZAXX01,URNTZA,1,2022,2.22
GLOBAL,PWRURNTZAXX01,URNTZA,1,2023,2.22
GLOBAL,PWRURNTZAXX01,URNTZA,1,2024,2.22
GLOBAL,PWRURNTZAXX01,URNTZA,1,2025,2.22
GLOBAL,PWRURNTZAXX01,URNTZA,1,2026,2.22
GLOBAL,PWRURNTZAXX01,URNTZA,1,2027,2.22
GLOBAL,PWRURNTZAXX01,URNTZA,1,2028,2.22
GLOBAL,PWRURNTZAXX01,URNTZA,1,2029,2.22
GLOBAL,PWRURNTZAXX01,URNTZA,1,2030,2.22
GLOBAL,PWRURNTZAXX01,URNTZA,1,2031,2.22
GLOBAL,PWRURNTZAXX01,URNTZA,1,2032,2.22
GLOBAL,PWRURNTZAXX01,URNTZA,1,2033,2.22
GLOBAL,PWRURNTZAXX01,URNTZA,1,2034,2.22
GLOBAL,PWRURNTZAXX01,URNTZA,1,2035,2.22
GLOBAL,PWRURNTZAXX01,URNTZA,1,2036,2.22
GLOBAL,PWRURNTZAXX01,URNTZA,1,2037,2.22
GLOBAL,PWRURNTZAXX01,URNTZA,1,2038,2.22
GLOBAL,PWRURNTZAXX01,URNTZA,1,2039,2.22
GLOBAL,PWRURNTZAXX01,URNTZA,1,2040,2.22
GLOBAL,PWRURNTZAXX01,URNTZA,1,2041,2.22
GLOBAL,PWRURNTZAXX01,URNTZA,1,2042,2.22
GLOBAL,PWRURNTZAXX01,URNTZA,1,2043,2.22
GLOBAL,PWRURNTZAXX01,URNTZA,1,2044,2.22
GLOBAL,PWRURNTZAXX01,URNTZA,1,2045,2.22
GLOBAL,PWRURNTZAXX01,URNTZA,1,2046,2.22
GLOBAL,PWRURNTZAXX01,URNTZA,1,2047,2.22
GLOBAL,PWRURNTZAXX01,URNTZA,1,2048,2.22
GLOBAL,PWRURNTZAXX01,URNTZA,1,2049,2.22
GLOBAL,PWRURNTZAXX01,URNTZA,1,2050,2.22
GLOBAL,PWRURNTZAXX01,URNINT,2,2021,2.22
GLOBAL,PWRURNTZAXX01,URNINT,2,2022,2.22
GLOBAL,PWRURNTZAXX01,URNINT,2,2023,2.22
GLOBAL,PWRURNTZAXX01,URNINT,2,2024,2.22
GLOBAL,PWRURNTZAXX01,URNINT,2,2025,2.22
GLOBAL,PWRURNTZAXX01,URNINT,2,2026,2.22
GLOBAL,PWRURNTZAXX01,URNINT,2,2027,2.22
GLOBAL,PWRURNTZAXX01,URNINT,2,2028,2.22
GLOBAL,PWRURNTZAXX01,URNINT,2,2029,2.22
GLOBAL,PWRURNTZAXX01,URNINT,2,2030,2.22
GLOBAL,PWRURNTZAXX01,URNINT,2,2031,2.22
GLOBAL,PWRURNTZAXX01,URNINT,2,2032,2.22
GLOBAL,PWRURNTZAXX01,URNINT,2,2033,2.22
GLOBAL,PWRURNTZAXX01,URNINT,2,2034,2.22
GLOBAL,PWRURNTZAXX01,URNINT,2,2035,2.22
GLOBAL,PWRURNTZAXX01,URNINT,2,2036,2.22
GLOBAL,PWRURNTZAXX01,URNINT,2,2037,2.22
GLOBAL,PWRURNTZAXX01,URNINT,2,2038,2.22
GLOBAL,PWRURNTZAXX01,URNINT,2,2039,2.22
GLOBAL,PWRURNTZAXX01,URNINT,2,2040,2.22
GLOBAL,PWRURNTZAXX01,URNINT,2,2041,2.22
GLOBAL,PWRURNTZAXX01,URNINT,2,2042,2.22
GLOBAL,PWRURNTZAXX01,URNINT,2,2043,2.22
GLOBAL,PWRURNTZAXX01,URNINT,2,2044,2.22
GLOBAL,PWRURNTZAXX01,URNINT,2,2045,2.22
GLOBAL,PWRURNTZAXX01,URNINT,2,2046,2.22
GLOBAL,PWRURNTZAXX01,URNINT,2,2047,2.22
GLOBAL,PWRURNTZAXX01,URNINT,2,2048,2.22
GLOBAL,PWRURNTZAXX01,URNINT,2,2049,2.22
GLOBAL,PWRURNTZAXX01,URNINT,2,2050,2.22
GLOBAL,PWRWONTZAXX01,WONTZAXX,1,2021,1.0
GLOBAL,PWRWONTZAXX01,WONTZAXX,1,2022,1.0
GLOBAL,PWRWONTZAXX01,WONTZAXX,1,2023,1.0
GLOBAL,PWRWONTZAXX01,WONTZAXX,1,2024,1.0
GLOBAL,PWRWONTZAXX01,WONTZAXX,1,2025,1.0
GLOBAL,PWRWONTZAXX01,WONTZAXX,1,2026,1.0
GLOBAL,PWRWONTZAXX01,WONTZAXX,1,2027,1.0
GLOBAL,PWRWONTZAXX01,WONTZAXX,1,2028,1.0
GLOBAL,PWRWONTZAXX01,WONTZAXX,1,2029,1.0
GLOBAL,PWRWONTZAXX01,WONTZAXX,1,2030,1.0
GLOBAL,PWRWONTZAXX01,WONTZAXX,1,2031,1.0
GLOBAL,PWRWONTZAXX01,WONTZAXX,1,2032,1.0
GLOBAL,PWRWONTZAXX01,WONTZAXX,1,2033,1.0
GLOBAL,PWRWONTZAXX01,WONTZAXX,1,2034,1.0
GLOBAL,PWRWONTZAXX01,WONTZAXX,1,2035,1.0
GLOBAL,PWRWONTZAXX01,WONTZAXX,1,2036,1.0
GLOBAL,PWRWONTZAXX01,WONTZAXX,1,2037,1.0
GLOBAL,PWRWONTZAXX01,WONTZAXX,1,2038,1.0
GLOBAL,PWRWONTZAXX01,WONTZAXX,1,2039,1.0
GLOBAL,PWRWONTZAXX01,WONTZAXX,1,2040,1.0
GLOBAL,PWRWONTZAXX01,WONTZAXX,1,2041,1.0
GLOBAL,PWRWONTZAXX01,WONTZAXX,1,2042,1.0
GLOBAL,PWRWONTZAXX01,WONTZAXX,1,2043,1.0
GLOBAL,PWRWONTZAXX01,WONTZAXX,1,2044,1.0
GLOBAL,PWRWONTZAXX01,WONTZAXX,1,2045,1.0
GLOBAL,PWRWONTZAXX01,WONTZAXX,1,2046,1.0
GLOBAL,PWRWONTZAXX01,WONTZAXX,1,2047,1.0
GLOBAL,PWRWONTZAXX01,WONTZAXX,1,2048,1.0
GLOBAL,PWRWONTZAXX01,WONTZAXX,1,2049,1.0
GLOBAL,PWRWONTZAXX01,WONTZAXX,1,2050,1.0
GLOBAL,PWRWASTZAXX01,WASTZAXX,1,2021,1.0
GLOBAL,PWRWASTZAXX01,WASTZAXX,1,2022,1.0
GLOBAL,PWRWASTZAXX01,WASTZAXX,1,2023,1.0
GLOBAL,PWRWASTZAXX01,WASTZAXX,1,2024,1.0
GLOBAL,PWRWASTZAXX01,WASTZAXX,1,2025,1.0
GLOBAL,PWRWASTZAXX01,WASTZAXX,1,2026,1.0
GLOBAL,PWRWASTZAXX01,WASTZAXX,1,2027,1.0
GLOBAL,PWRWASTZAXX01,WASTZAXX,1,2028,1.0
GLOBAL,PWRWASTZAXX01,WASTZAXX,1,2029,1.0
GLOBAL,PWRWASTZAXX01,WASTZAXX,1,2030,1.0
GLOBAL,PWRWASTZAXX01,WASTZAXX,1,2031,1.0
GLOBAL,PWRWASTZAXX01,WASTZAXX,1,2032,1.0
GLOBAL,PWRWASTZAXX01,WASTZAXX,1,2033,1.0
GLOBAL,PWRWASTZAXX01,WASTZAXX,1,2034,1.0
GLOBAL,PWRWASTZAXX01,WASTZAXX,1,2035,1.0
GLOBAL,PWRWASTZAXX01,WASTZAXX,1,2036,1.0
GLOBAL,PWRWASTZAXX01,WASTZAXX,1,2037,1.0
GLOBAL,PWRWASTZAXX01,WASTZAXX,1,2038,1.0
GLOBAL,PWRWASTZAXX01,WASTZAXX,1,2039,1.0
GLOBAL,PWRWASTZAXX01,WASTZAXX,1,2040,1.0
GLOBAL,PWRWASTZAXX01,WASTZAXX,1,2041,1.0
GLOBAL,PWRWASTZAXX01,WASTZAXX,1,2042,1.0
GLOBAL,PWRWASTZAXX01,WASTZAXX,1,2043,1.0
GLOBAL,PWRWASTZAXX01,WASTZAXX,1,2044,1.0
GLOBAL,PWRWASTZAXX01,WASTZAXX,1,2045,1.0
GLOBAL,PWRWASTZAXX01,WASTZAXX,1,2046,1.0
GLOBAL,PWRWASTZAXX01,WASTZAXX,1,2047,1.0
GLOBAL,PWRWASTZAXX01,WASTZAXX,1,2048,1.0
GLOBAL,PWRWASTZAXX01,WASTZAXX,1,2049,1.0
GLOBAL,PWRWASTZAXX01,WASTZAXX,1,2050,1.0
GLOBAL,PWRWOFTZAXX01,WOFTZAXX,1,2021,1.0
GLOBAL,PWRWOFTZAXX01,WOFTZAXX,1,2022,1.0
GLOBAL,PWRWOFTZAXX01,WOFTZAXX,1,2023,1.0
GLOBAL,PWRWOFTZAXX01,WOFTZAXX,1,2024,1.0
GLOBAL,PWRWOFTZAXX01,WOFTZAXX,1,2025,1.0
GLOBAL,PWRWOFTZAXX01,WOFTZAXX,1,2026,1.0
GLOBAL,PWRWOFTZAXX01,WOFTZAXX,1,2027,1.0
GLOBAL,PWRWOFTZAXX01,WOFTZAXX,1,2028,1.0
GLOBAL,PWRWOFTZAXX01,WOFTZAXX,1,2029,1.0
GLOBAL,PWRWOFTZAXX01,WOFTZAXX,1,2030,1.0
GLOBAL,PWRWOFTZAXX01,WOFTZAXX,1,2031,1.0
GLOBAL,PWRWOFTZAXX01,WOFTZAXX,1,2032,1.0
GLOBAL,PWRWOFTZAXX01,WOFTZAXX,1,2033,1.0
GLOBAL,PWRWOFTZAXX01,WOFTZAXX,1,2034,1.0
GLOBAL,PWRWOFTZAXX01,WOFTZAXX,1,2035,1.0
GLOBAL,PWRWOFTZAXX01,WOFTZAXX,1,2036,1.0
GLOBAL,PWRWOFTZAXX01,WOFTZAXX,1,2037,1.0
GLOBAL,PWRWOFTZAXX01,WOFTZAXX,1,2038,1.0
GLOBAL,PWRWOFTZAXX01,WOFTZAXX,1,2039,1.0
GLOBAL,PWRWOFTZAXX01,WOFTZAXX,1,2040,1.0
GLOBAL,PWRWOFTZAXX01,WOFTZAXX,1,2041,1.0
GLOBAL,PWRWOFTZAXX01,WOFTZAXX,1,2042,1.0
GLOBAL,PWRWOFTZAXX01,WOFTZAXX,1,2043,1.0
GLOBAL,PWRWOFTZAXX01,WOFTZAXX,1,2044,1.0
GLOBAL,PWRWOFTZAXX01,WOFTZAXX,1,2045,1.0
GLOBAL,PWRWOFTZAXX01,WOFTZAXX,1,2046,1.0
GLOBAL,PWRWOFTZAXX01,WOFTZAXX,1,2047,1.0
GLOBAL,PWRWOFTZAXX01,WOFTZAXX,1,2048,1.0
GLOBAL,PWRWOFTZAXX01,WOFTZAXX,1,2049,1.0
GLOBAL,PWRWOFTZAXX01,WOFTZAXX,1,2050,1.0
GLOBAL,PWRWAVTZAXX01,WAVTZAXX,1,2021,1.0
GLOBAL,PWRWAVTZAXX01,WAVTZAXX,1,2022,1.0
GLOBAL,PWRWAVTZAXX01,WAVTZAXX,1,2023,1.0
GLOBAL,PWRWAVTZAXX01,WAVTZAXX,1,2024,1.0
GLOBAL,PWRWAVTZAXX01,WAVTZAXX,1,2025,1.0
GLOBAL,PWRWAVTZAXX01,WAVTZAXX,1,2026,1.0
GLOBAL,PWRWAVTZAXX01,WAVTZAXX,1,2027,1.0
GLOBAL,PWRWAVTZAXX01,WAVTZAXX,1,2028,1.0
GLOBAL,PWRWAVTZAXX01,WAVTZAXX,1,2029,1.0
GLOBAL,PWRWAVTZAXX01,WAVTZAXX,1,2030,1.0
GLOBAL,PWRWAVTZAXX01,WAVTZAXX,1,2031,1.0
GLOBAL,PWRWAVTZAXX01,WAVTZAXX,1,2032,1.0
GLOBAL,PWRWAVTZAXX01,WAVTZAXX,1,2033,1.0
GLOBAL,PWRWAVTZAXX01,WAVTZAXX,1,2034,1.0
GLOBAL,PWRWAVTZAXX01,WAVTZAXX,1,2035,1.0
GLOBAL,PWRWAVTZAXX01,WAVTZAXX,1,2036,1.0
GLOBAL,PWRWAVTZAXX01,WAVTZAXX,1,2037,1.0
GLOBAL,PWRWAVTZAXX01,WAVTZAXX,1,2038,1.0
GLOBAL,PWRWAVTZAXX01,WAVTZAXX,1,2039,1.0
GLOBAL,PWRWAVTZAXX01,WAVTZAXX,1,2040,1.0
GLOBAL,PWRWAVTZAXX01,WAVTZAXX,1,2041,1.0
GLOBAL,PWRWAVTZAXX01,WAVTZAXX,1,2042,1.0
GLOBAL,PWRWAVTZAXX01,WAVTZAXX,1,2043,1.0
GLOBAL,PWRWAVTZAXX01,WAVTZAXX,1,2044,1.0
GLOBAL,PWRWAVTZAXX01,WAVTZAXX,1,2045,1.0
GLOBAL,PWRWAVTZAXX01,WAVTZAXX,1,2046,1.0
GLOBAL,PWRWAVTZAXX01,WAVTZAXX,1,2047,1.0
GLOBAL,PWRWAVTZAXX01,WAVTZAXX,1,2048,1.0
GLOBAL,PWRWAVTZAXX01,WAVTZAXX,1,2049,1.0
GLOBAL,PWRWAVTZAXX01,WAVTZAXX,1,2050,1.0
GLOBAL,PWRPETTZAXX01,PETTZA,1,2021,3.06
GLOBAL,PWRPETTZAXX01,PETTZA,1,2022,3.06
GLOBAL,PWRPETTZAXX01,PETTZA,1,2023,3.06
GLOBAL,PWRPETTZAXX01,PETTZA,1,2024,3.06
GLOBAL,PWRPETTZAXX01,PETTZA,1,2025,3.06
GLOBAL,PWRPETTZAXX01,PETTZA,1,2026,3.06
GLOBAL,PWRPETTZAXX01,PETTZA,1,2027,3.06
GLOBAL,PWRPETTZAXX01,PETTZA,1,2028,3.06
GLOBAL,PWRPETTZAXX01,PETTZA,1,2029,3.06
GLOBAL,PWRPETTZAXX01,PETTZA,1,2030,3.06
GLOBAL,PWRPETTZAXX01,PETTZA,1,2031,3.06
GLOBAL,PWRPETTZAXX01,PETTZA,1,2032,3.06
GLOBAL,PWRPETTZAXX01,PETTZA,1,2033,3.06
GLOBAL,PWRPETTZAXX01,PETTZA,1,2034,3.06
GLOBAL,PWRPETTZAXX01,PETTZA,1,2035,3.06
GLOBAL,PWRPETTZAXX01,PETTZA,1,2036,3.06
GLOBAL,PWRPETTZAXX01,PETTZA,1,2037,3.06
GLOBAL,PWRPETTZAXX01,PETTZA,1,2038,3.06
GLOBAL,PWRPETTZAXX01,PETTZA,1,2039,3.06
GLOBAL,PWRPETTZAXX01,PETTZA,1,2040,3.06
GLOBAL,PWRPETTZAXX01,PETTZA,1,2041,3.06
GLOBAL,PWRPETTZAXX01,PETTZA,1,2042,3.06
GLOBAL,PWRPETTZAXX01,PETTZA,1,2043,3.06
GLOBAL,PWRPETTZAXX01,PETTZA,1,2044,3.06
GLOBAL,PWRPETTZAXX01,PETTZA,1,2045,3.06
GLOBAL,PWRPETTZAXX01,PETTZA,1,2046,3.06
GLOBAL,PWRPETTZAXX01,PETTZA,1,2047,3.06
GLOBAL,PWRPETTZAXX01,PETTZA,1,2048,3.06
GLOBAL,PWRPETTZAXX01,PETTZA,1,2049,3.06
GLOBAL,PWRPETTZAXX01,PETTZA,1,2050,3.06
GLOBAL,PWRPETTZAXX01,PETINT,2,2021,3.06
GLOBAL,PWRPETTZAXX01,PETINT,2,2022,3.06
GLOBAL,PWRPETTZAXX01,PETINT,2,2023,3.06
GLOBAL,PWRPETTZAXX01,PETINT,2,2024,3.06
GLOBAL,PWRPETTZAXX01,PETINT,2,2025,3.06
GLOBAL,PWRPETTZAXX01,PETINT,2,2026,3.06
GLOBAL,PWRPETTZAXX01,PETINT,2,2027,3.06
GLOBAL,PWRPETTZAXX01,PETINT,2,2028,3.06
GLOBAL,PWRPETTZAXX01,PETINT,2,2029,3.06
GLOBAL,PWRPETTZAXX01,PETINT,2,2030,3.06
GLOBAL,PWRPETTZAXX01,PETINT,2,2031,3.06
GLOBAL,PWRPETTZAXX01,PETINT,2,2032,3.06
GLOBAL,PWRPETTZAXX01,PETINT,2,2033,3.06
GLOBAL,PWRPETTZAXX01,PETINT,2,2034,3.06
GLOBAL,PWRPETTZAXX01,PETINT,2,2035,3.06
GLOBAL,PWRPETTZAXX01,PETINT,2,2036,3.06
GLOBAL,PWRPETTZAXX01,PETINT,2,2037,3.06
GLOBAL,PWRPETTZAXX01,PETINT,2,2038,3.06
GLOBAL,PWRPETTZAXX01,PETINT,2,2039,3.06
GLOBAL,PWRPETTZAXX01,PETINT,2,2040,3.06
GLOBAL,PWRPETTZAXX01,PETINT,2,2041,3.06
GLOBAL,PWRPETTZAXX01,PETINT,2,2042,3.06
GLOBAL,PWRPETTZAXX01,PETINT,2,2043,3.06
GLOBAL,PWRPETTZAXX01,PETINT,2,2044,3.06
GLOBAL,PWRPETTZAXX01,PETINT,2,2045,3.06
GLOBAL,PWRPETTZAXX01,PETINT,2,2046,3.06
GLOBAL,PWRPETTZAXX01,PETINT,2,2047,3.06
GLOBAL,PWRPETTZAXX01,PETINT,2,2048,3.06
GLOBAL,PWRPETTZAXX01,PETINT,2,2049,3.06
GLOBAL,PWRPETTZAXX01,PETINT,2,2050,3.06
GLOBAL,PWRGEOTZAXX01,GEOTZAXX,1,2021,1.0
GLOBAL,PWRGEOTZAXX01,GEOTZAXX,1,2022,1.0
GLOBAL,PWRGEOTZAXX01,GEOTZAXX,1,2023,1.0
GLOBAL,PWRGEOTZAXX01,GEOTZAXX,1,2024,1.0
GLOBAL,PWRGEOTZAXX01,GEOTZAXX,1,2025,1.0
GLOBAL,PWRGEOTZAXX01,GEOTZAXX,1,2026,1.0
GLOBAL,PWRGEOTZAXX01,GEOTZAXX,1,2027,1.0
GLOBAL,PWRGEOTZAXX01,GEOTZAXX,1,2028,1.0
GLOBAL,PWRGEOTZAXX01,GEOTZAXX,1,2029,1.0
GLOBAL,PWRGEOTZAXX01,GEOTZAXX,1,2030,1.0
GLOBAL,PWRGEOTZAXX01,GEOTZAXX,1,2031,1.0
GLOBAL,PWRGEOTZAXX01,GEOTZAXX,1,2032,1.0
GLOBAL,PWRGEOTZAXX01,GEOTZAXX,1,2033,1.0
GLOBAL,PWRGEOTZAXX01,GEOTZAXX,1,2034,1.0
GLOBAL,PWRGEOTZAXX01,GEOTZAXX,1,2035,1.0
GLOBAL,PWRGEOTZAXX01,GEOTZAXX,1,2036,1.0
GLOBAL,PWRGEOTZAXX01,GEOTZAXX,1,2037,1.0
GLOBAL,PWRGEOTZAXX01,GEOTZAXX,1,2038,1.0
GLOBAL,PWRGEOTZAXX01,GEOTZAXX,1,2039,1.0
GLOBAL,PWRGEOTZAXX01,GEOTZAXX,1,2040,1.0
GLOBAL,PWRGEOTZAXX01,GEOTZAXX,1,2041,1.0
GLOBAL,PWRGEOTZAXX01,GEOTZAXX,1,2042,1.0
GLOBAL,PWRGEOTZAXX01,GEOTZAXX,1,2043,1.0
GLOBAL,PWRGEOTZAXX01,GEOTZAXX,1,2044,1.0
GLOBAL,PWRGEOTZAXX01,GEOTZAXX,1,2045,1.0
GLOBAL,PWRGEOTZAXX01,GEOTZAXX,1,2046,1.0
GLOBAL,PWRGEOTZAXX01,GEOTZAXX,1,2047,1.0
GLOBAL,PWRGEOTZAXX01,GEOTZAXX,1,2048,1.0
GLOBAL,PWRGEOTZAXX01,GEOTZAXX,1,2049,1.0
GLOBAL,PWRGEOTZAXX01,GEOTZAXX,1,2050,1.0
GLOBAL,PWRCOGTZAXX01,COGTZA,1,2021,2.92
GLOBAL,PWRCOGTZAXX01,COGTZA,1,2022,2.92
GLOBAL,PWRCOGTZAXX01,COGTZA,1,2023,2.92
GLOBAL,PWRCOGTZAXX01,COGTZA,1,2024,2.92
GLOBAL,PWRCOGTZAXX01,COGTZA,1,2025,2.92
GLOBAL,PWRCOGTZAXX01,COGTZA,1,2026,2.92
GLOBAL,PWRCOGTZAXX01,COGTZA,1,2027,2.92
GLOBAL,PWRCOGTZAXX01,COGTZA,1,2028,2.92
GLOBAL,PWRCOGTZAXX01,COGTZA,1,2029,2.92
GLOBAL,PWRCOGTZAXX01,COGTZA,1,2030,2.92
GLOBAL,PWRCOGTZAXX01,COGTZA,1,2031,2.92
GLOBAL,PWRCOGTZAXX01,COGTZA,1,2032,2.92
GLOBAL,PWRCOGTZAXX01,COGTZA,1,2033,2.92
GLOBAL,PWRCOGTZAXX01,COGTZA,1,2034,2.92
GLOBAL,PWRCOGTZAXX01,COGTZA,1,2035,2.92
GLOBAL,PWRCOGTZAXX01,COGTZA,1,2036,2.92
GLOBAL,PWRCOGTZAXX01,COGTZA,1,2037,2.92
GLOBAL,PWRCOGTZAXX01,COGTZA,1,2038,2.92
GLOBAL,PWRCOGTZAXX01,COGTZA,1,2039,2.92
GLOBAL,PWRCOGTZAXX01,COGTZA,1,2040,2.92
GLOBAL,PWRCOGTZAXX01,COGTZA,1,2041,2.92
GLOBAL,PWRCOGTZAXX01,COGTZA,1,2042,2.92
GLOBAL,PWRCOGTZAXX01,COGTZA,1,2043,2.92
GLOBAL,PWRCOGTZAXX01,COGTZA,1,2044,2.92
GLOBAL,PWRCOGTZAXX01,COGTZA,1,2045,2.92
GLOBAL,PWRCOGTZAXX01,COGTZA,1,2046,2.92
GLOBAL,PWRCOGTZAXX01,COGTZA,1,2047,2.92
GLOBAL,PWRCOGTZAXX01,COGTZA,1,2048,2.92
GLOBAL,PWRCOGTZAXX01,COGTZA,1,2049,2.92
GLOBAL,PWRCOGTZAXX01,COGTZA,1,2050,2.92
GLOBAL,PWRCOGTZAXX01,COGINT,2,2021,2.92
GLOBAL,PWRCOGTZAXX01,COGINT,2,2022,2.92
GLOBAL,PWRCOGTZAXX01,COGINT,2,2023,2.92
GLOBAL,PWRCOGTZAXX01,COGINT,2,2024,2.92
GLOBAL,PWRCOGTZAXX01,COGINT,2,2025,2.92
GLOBAL,PWRCOGTZAXX01,COGINT,2,2026,2.92
GLOBAL,PWRCOGTZAXX01,COGINT,2,2027,2.92
GLOBAL,PWRCOGTZAXX01,COGINT,2,2028,2.92
GLOBAL,PWRCOGTZAXX01,COGINT,2,2029,2.92
GLOBAL,PWRCOGTZAXX01,COGINT,2,2030,2.92
GLOBAL,PWRCOGTZAXX01,COGINT,2,2031,2.92
GLOBAL,PWRCOGTZAXX01,COGINT,2,2032,2.92
GLOBAL,PWRCOGTZAXX01,COGINT,2,2033,2.92
GLOBAL,PWRCOGTZAXX01,COGINT,2,2034,2.92
GLOBAL,PWRCOGTZAXX01,COGINT,2,2035,2.92
GLOBAL,PWRCOGTZAXX01,COGINT,2,2036,2.92
GLOBAL,PWRCOGTZAXX01,COGINT,2,2037,2.92
GLOBAL,PWRCOGTZAXX01,COGINT,2,2038,2.92
GLOBAL,PWRCOGTZAXX01,COGINT,2,2039,2.92
GLOBAL,PWRCOGTZAXX01,COGINT,2,2040,2.92
GLOBAL,PWRCOGTZAXX01,COGINT,2,2041,2.92
GLOBAL,PWRCOGTZAXX01,COGINT,2,2042,2.92
GLOBAL,PWRCOGTZAXX01,COGINT,2,2043,2.92
GLOBAL,PWRCOGTZAXX01,COGINT,2,2044,2.92
GLOBAL,PWRCOGTZAXX01,COGINT,2,2045,2.92
GLOBAL,PWRCOGTZAXX01,COGINT,2,2046,2.92
GLOBAL,PWRCOGTZAXX01,COGINT,2,2047,2.92
GLOBAL,PWRCOGTZAXX01,COGINT,2,2048,2.92
GLOBAL,PWRCOGTZAXX01,COGINT,2,2049,2.92
GLOBAL,PWRCOGTZAXX01,COGINT,2,2050,2.92
GLOBAL,PWRCCSTZAXX01,COATZA,1,2021,3.0
GLOBAL,PWRCCSTZAXX01,COATZA,1,2022,3.0
GLOBAL,PWRCCSTZAXX01,COATZA,1,2023,3.0
GLOBAL,PWRCCSTZAXX01,COATZA,1,2024,3.0
GLOBAL,PWRCCSTZAXX01,COATZA,1,2025,3.0
GLOBAL,PWRCCSTZAXX01,COATZA,1,2026,3.0
GLOBAL,PWRCCSTZAXX01,COATZA,1,2027,3.0
GLOBAL,PWRCCSTZAXX01,COATZA,1,2028,3.0
GLOBAL,PWRCCSTZAXX01,COATZA,1,2029,3.0
GLOBAL,PWRCCSTZAXX01,COATZA,1,2030,3.0
GLOBAL,PWRCCSTZAXX01,COATZA,1,2031,3.0
GLOBAL,PWRCCSTZAXX01,COATZA,1,2032,3.0
GLOBAL,PWRCCSTZAXX01,COATZA,1,2033,3.0
GLOBAL,PWRCCSTZAXX01,COATZA,1,2034,3.0
GLOBAL,PWRCCSTZAXX01,COATZA,1,2035,3.0
GLOBAL,PWRCCSTZAXX01,COATZA,1,2036,3.0
GLOBAL,PWRCCSTZAXX01,COATZA,1,2037,3.0
GLOBAL,PWRCCSTZAXX01,COATZA,1,2038,3.0
GLOBAL,PWRCCSTZAXX01,COATZA,1,2039,3.0
GLOBAL,PWRCCSTZAXX01,COATZA,1,2040,3.0
GLOBAL,PWRCCSTZAXX01,COATZA,1,2041,3.0
GLOBAL,PWRCCSTZAXX01,COATZA,1,2042,3.0
GLOBAL,PWRCCSTZAXX01,COATZA,1,2043,3.0
GLOBAL,PWRCCSTZAXX01,COATZA,1,2044,3.0
GLOBAL,PWRCCSTZAXX01,COATZA,1,2045,3.0
GLOBAL,PWRCCSTZAXX01,COATZA,1,2046,3.0
GLOBAL,PWRCCSTZAXX01,COATZA,1,2047,3.0
GLOBAL,PWRCCSTZAXX01,COATZA,1,2048,3.0
GLOBAL,PWRCCSTZAXX01,COATZA,1,2049,3.0
GLOBAL,PWRCCSTZAXX01,COATZA,1,2050,3.0
GLOBAL,PWRCCSTZAXX01,COAINT,2,2021,3.0
GLOBAL,PWRCCSTZAXX01,COAINT,2,2022,3.0
GLOBAL,PWRCCSTZAXX01,COAINT,2,2023,3.0
GLOBAL,PWRCCSTZAXX01,COAINT,2,2024,3.0
GLOBAL,PWRCCSTZAXX01,COAINT,2,2025,3.0
GLOBAL,PWRCCSTZAXX01,COAINT,2,2026,3.0
GLOBAL,PWRCCSTZAXX01,COAINT,2,2027,3.0
GLOBAL,PWRCCSTZAXX01,COAINT,2,2028,3.0
GLOBAL,PWRCCSTZAXX01,COAINT,2,2029,3.0
GLOBAL,PWRCCSTZAXX01,COAINT,2,2030,3.0
GLOBAL,PWRCCSTZAXX01,COAINT,2,2031,3.0
GLOBAL,PWRCCSTZAXX01,COAINT,2,2032,3.0
GLOBAL,PWRCCSTZAXX01,COAINT,2,2033,3.0
GLOBAL,PWRCCSTZAXX01,COAINT,2,2034,3.0
GLOBAL,PWRCCSTZAXX01,COAINT,2,2035,3.0
GLOBAL,PWRCCSTZAXX01,COAINT,2,2036,3.0
GLOBAL,PWRCCSTZAXX01,COAINT,2,2037,3.0
GLOBAL,PWRCCSTZAXX01,COAINT,2,2038,3.0
GLOBAL,PWRCCSTZAXX01,COAINT,2,2039,3.0
GLOBAL,PWRCCSTZAXX01,COAINT,2,2040,3.0
GLOBAL,PWRCCSTZAXX01,COAINT,2,2041,3.0
GLOBAL,PWRCCSTZAXX01,COAINT,2,2042,3.0
GLOBAL,PWRCCSTZAXX01,COAINT,2,2043,3.0
GLOBAL,PWRCCSTZAXX01,COAINT,2,2044,3.0
GLOBAL,PWRCCSTZAXX01,COAINT,2,2045,3.0
GLOBAL,PWRCCSTZAXX01,COAINT,2,2046,3.0
GLOBAL,PWRCCSTZAXX01,COAINT,2,2047,3.0
GLOBAL,PWRCCSTZAXX01,COAINT,2,2048,3.0
GLOBAL,PWRCCSTZAXX01,COAINT,2,2049,3.0
GLOBAL,PWRCCSTZAXX01,COAINT,2,2050,3.0
GLOBAL,PWRCCGKENXX01,GASKEN,1,2021,2.0
GLOBAL,PWRCCGKENXX01,GASKEN,1,2022,2.0
GLOBAL,PWRCCGKENXX01,GASKEN,1,2023,2.0
GLOBAL,PWRCCGKENXX01,GASKEN,1,2024,2.0
GLOBAL,PWRCCGKENXX01,GASKEN,1,2025,2.0
GLOBAL,PWRCCGKENXX01,GASKEN,1,2026,2.0
GLOBAL,PWRCCGKENXX01,GASKEN,1,2027,2.0
GLOBAL,PWRCCGKENXX01,GASKEN,1,2028,2.0
GLOBAL,PWRCCGKENXX01,GASKEN,1,2029,2.0
GLOBAL,PWRCCGKENXX01,GASKEN,1,2030,2.0
GLOBAL,PWRCCGKENXX01,GASKEN,1,2031,2.0
GLOBAL,PWRCCGKENXX01,GASKEN,1,2032,2.0
GLOBAL,PWRCCGKENXX01,GASKEN,1,2033,2.0
GLOBAL,PWRCCGKENXX01,GASKEN,1,2034,2.0
GLOBAL,PWRCCGKENXX01,GASKEN,1,2035,2.0
GLOBAL,PWRCCGKENXX01,GASKEN,1,2036,2.0
GLOBAL,PWRCCGKENXX01,GASKEN,1,2037,2.0
GLOBAL,PWRCCGKENXX01,GASKEN,1,2038,2.0
GLOBAL,PWRCCGKENXX01,GASKEN,1,2039,2.0
GLOBAL,PWRCCGKENXX01,GASKEN,1,2040,2.0
GLOBAL,PWRCCGKENXX01,GASKEN,1,2041,2.0
GLOBAL,PWRCCGKENXX01,GASKEN,1,2042,2.0
GLOBAL,PWRCCGKENXX01,GASKEN,1,2043,2.0
GLOBAL,PWRCCGKENXX01,GASKEN,1,2044,2.0
GLOBAL,PWRCCGKENXX01,GASKEN,1,2045,2.0
GLOBAL,PWRCCGKENXX01,GASKEN,1,2046,2.0
GLOBAL,PWRCCGKENXX01,GASKEN,1,2047,2.0
GLOBAL,PWRCCGKENXX01,GASKEN,1,2048,2.0
GLOBAL,PWRCCGKENXX01,GASKEN,1,2049,2.0
GLOBAL,PWRCCGKENXX01,GASKEN,1,2050,2.0
GLOBAL,PWRCCGKENXX01,GASINT,2,2021,2.0
GLOBAL,PWRCCGKENXX01,GASINT,2,2022,2.0
GLOBAL,PWRCCGKENXX01,GASINT,2,2023,2.0
GLOBAL,PWRCCGKENXX01,GASINT,2,2024,2.0
GLOBAL,PWRCCGKENXX01,GASINT,2,2025,2.0
GLOBAL,PWRCCGKENXX01,GASINT,2,2026,2.0
GLOBAL,PWRCCGKENXX01,GASINT,2,2027,2.0
GLOBAL,PWRCCGKENXX01,GASINT,2,2028,2.0
GLOBAL,PWRCCGKENXX01,GASINT,2,2029,2.0
GLOBAL,PWRCCGKENXX01,GASINT,2,2030,2.0
GLOBAL,PWRCCGKENXX01,GASINT,2,2031,2.0
GLOBAL,PWRCCGKENXX01,GASINT,2,2032,2.0
GLOBAL,PWRCCGKENXX01,GASINT,2,2033,2.0
GLOBAL,PWRCCGKENXX01,GASINT,2,2034,2.0
GLOBAL,PWRCCGKENXX01,GASINT,2,2035,2.0
GLOBAL,PWRCCGKENXX01,GASINT,2,2036,2.0
GLOBAL,PWRCCGKENXX01,GASINT,2,2037,2.0
GLOBAL,PWRCCGKENXX01,GASINT,2,2038,2.0
GLOBAL,PWRCCGKENXX01,GASINT,2,2039,2.0
GLOBAL,PWRCCGKENXX01,GASINT,2,2040,2.0
GLOBAL,PWRCCGKENXX01,GASINT,2,2041,2.0
GLOBAL,PWRCCGKENXX01,GASINT,2,2042,2.0
GLOBAL,PWRCCGKENXX01,GASINT,2,2043,2.0
GLOBAL,PWRCCGKENXX01,GASINT,2,2044,2.0
GLOBAL,PWRCCGKENXX01,GASINT,2,2045,2.0
GLOBAL,PWRCCGKENXX01,GASINT,2,2046,2.0
GLOBAL,PWRCCGKENXX01,GASINT,2,2047,2.0
GLOBAL,PWRCCGKENXX01,GASINT,2,2048,2.0
GLOBAL,PWRCCGKENXX01,GASINT,2,2049,2.0
GLOBAL,PWRCCGKENXX01,GASINT,2,2050,2.0
GLOBAL,PWRCCGTZAXX01,GASTZA,1,2021,2.0
GLOBAL,PWRCCGTZAXX01,GASTZA,1,2022,2.0
GLOBAL,PWRCCGTZAXX01,GASTZA,1,2023,2.0
GLOBAL,PWRCCGTZAXX01,GASTZA,1,2024,2.0
GLOBAL,PWRCCGTZAXX01,GASTZA,1,2025,2.0
GLOBAL,PWRCCGTZAXX01,GASTZA,1,2026,2.0
GLOBAL,PWRCCGTZAXX01,GASTZA,1,2027,2.0
GLOBAL,PWRCCGTZAXX01,GASTZA,1,2028,2.0
GLOBAL,PWRCCGTZAXX01,GASTZA,1,2029,2.0
GLOBAL,PWRCCGTZAXX01,GASTZA,1,2030,2.0
GLOBAL,PWRCCGTZAXX01,GASTZA,1,2031,2.0
GLOBAL,PWRCCGTZAXX01,GASTZA,1,2032,2.0
GLOBAL,PWRCCGTZAXX01,GASTZA,1,2033,2.0
GLOBAL,PWRCCGTZAXX01,GASTZA,1,2034,2.0
GLOBAL,PWRCCGTZAXX01,GASTZA,1,2035,2.0
GLOBAL,PWRCCGTZAXX01,GASTZA,1,2036,2.0
GLOBAL,PWRCCGTZAXX01,GASTZA,1,2037,2.0
GLOBAL,PWRCCGTZAXX01,GASTZA,1,2038,2.0
GLOBAL,PWRCCGTZAXX01,GASTZA,1,2039,2.0
GLOBAL,PWRCCGTZAXX01,GASTZA,1,2040,2.0
GLOBAL,PWRCCGTZAXX01,GASTZA,1,2041,2.0
GLOBAL,PWRCCGTZAXX01,GASTZA,1,2042,2.0
GLOBAL,PWRCCGTZAXX01,GASTZA,1,2043,2.0
GLOBAL,PWRCCGTZAXX01,GASTZA,1,2044,2.0
GLOBAL,PWRCCGTZAXX01,GASTZA,1,2045,2.0
GLOBAL,PWRCCGTZAXX01,GASTZA,1,2046,2.0
GLOBAL,PWRCCGTZAXX01,GASTZA,1,2047,2.0
GLOBAL,PWRCCGTZAXX01,GASTZA,1,2048,2.0
GLOBAL,PWRCCGTZAXX01,GASTZA,1,2049,2.0
GLOBAL,PWRCCGTZAXX01,GASTZA,1,2050,2.0
GLOBAL,PWRCCGTZAXX01,GASINT,2,2021,2.0
GLOBAL,PWRCCGTZAXX01,GASINT,2,2022,2.0
GLOBAL,PWRCCGTZAXX01,GASINT,2,2023,2.0
GLOBAL,PWRCCGTZAXX01,GASINT,2,2024,2.0
GLOBAL,PWRCCGTZAXX01,GASINT,2,2025,2.0
GLOBAL,PWRCCGTZAXX01,GASINT,2,2026,2.0
GLOBAL,PWRCCGTZAXX01,GASINT,2,2027,2.0
GLOBAL,PWRCCGTZAXX01,GASINT,2,2028,2.0
GLOBAL,PWRCCGTZAXX01,GASINT,2,2029,2.0
GLOBAL,PWRCCGTZAXX01,GASINT,2,2030,2.0
GLOBAL,PWRCCGTZAXX01,GASINT,2,2031,2.0
GLOBAL,PWRCCGTZAXX01,GASINT,2,2032,2.0
GLOBAL,PWRCCGTZAXX01,GASINT,2,2033,2.0
GLOBAL,PWRCCGTZAXX01,GASINT,2,2034,2.0
GLOBAL,PWRCCGTZAXX01,GASINT,2,2035,2.0
GLOBAL,PWRCCGTZAXX01,GASINT,2,2036,2.0
GLOBAL,PWRCCGTZAXX01,GASINT,2,2037,2.0
GLOBAL,PWRCCGTZAXX01,GASINT,2,2038,2.0
GLOBAL,PWRCCGTZAXX01,GASINT,2,2039,2.0
GLOBAL,PWRCCGTZAXX01,GASINT,2,2040,2.0
GLOBAL,PWRCCGTZAXX01,GASINT,2,2041,2.0
GLOBAL,PWRCCGTZAXX01,GASINT,2,2042,2.0
GLOBAL,PWRCCGTZAXX01,GASINT,2,2043,2.0
GLOBAL,PWRCCGTZAXX01,GASINT,2,2044,2.0
GLOBAL,PWRCCGTZAXX01,GASINT,2,2045,2.0
GLOBAL,PWRCCGTZAXX01,GASINT,2,2046,2.0
GLOBAL,PWRCCGTZAXX01,GASINT,2,2047,2.0
GLOBAL,PWRCCGTZAXX01,GASINT,2,2048,2.0
GLOBAL,PWRCCGTZAXX01,GASINT,2,2049,2.0
GLOBAL,PWRCCGTZAXX01,GASINT,2,2050,2.0
GLOBAL,PWROCGKENXX01,GASKEN,1,2021,2.857
GLOBAL,PWROCGKENXX01,GASKEN,1,2022,2.857
GLOBAL,PWROCGKENXX01,GASKEN,1,2023,2.857
GLOBAL,PWROCGKENXX01,GASKEN,1,2024,2.857
GLOBAL,PWROCGKENXX01,GASKEN,1,2025,2.857
GLOBAL,PWROCGKENXX01,GASKEN,1,2026,2.857
GLOBAL,PWROCGKENXX01,GASKEN,1,2027,2.857
GLOBAL,PWROCGKENXX01,GASKEN,1,2028,2.857
GLOBAL,PWROCGKENXX01,GASKEN,1,2029,2.857
GLOBAL,PWROCGKENXX01,GASKEN,1,2030,2.857
GLOBAL,PWROCGKENXX01,GASKEN,1,2031,2.857
GLOBAL,PWROCGKENXX01,GASKEN,1,2032,2.857
GLOBAL,PWROCGKENXX01,GASKEN,1,2033,2.857
GLOBAL,PWROCGKENXX01,GASKEN,1,2034,2.857
GLOBAL,PWROCGKENXX01,GASKEN,1,2035,2.857
GLOBAL,PWROCGKENXX01,GASKEN,1,2036,2.857
GLOBAL,PWROCGKENXX01,GASKEN,1,2037,2.857
GLOBAL,PWROCGKENXX01,GASKEN,1,2038,2.857
GLOBAL,PWROCGKENXX01,GASKEN,1,2039,2.857
GLOBAL,PWROCGKENXX01,GASKEN,1,2040,2.857
GLOBAL,PWROCGKENXX01,GASKEN,1,2041,2.857
GLOBAL,PWROCGKENXX01,GASKEN,1,2042,2.857
GLOBAL,PWROCGKENXX01,GASKEN,1,2043,2.857
GLOBAL,PWROCGKENXX01,GASKEN,1,2044,2.857
GLOBAL,PWROCGKENXX01,GASKEN,1,2045,2.857
GLOBAL,PWROCGKENXX01,GASKEN,1,2046,2.857
GLOBAL,PWROCGKENXX01,GASKEN,1,2047,2.857
GLOBAL,PWROCGKENXX01,GASKEN,1,2048,2.857
GLOBAL,PWROCGKENXX01,GASKEN,1,2049,2.857
GLOBAL,PWROCGKENXX01,GASKEN,1,2050,2.857
GLOBAL,PWROCGKENXX01,GASINT,2,2021,2.857
GLOBAL,PWROCGKENXX01,GASINT,2,2022,2.857
GLOBAL,PWROCGKENXX01,GASINT,2,2023,2.857
GLOBAL,PWROCGKENXX01,GASINT,2,2024,2.857
GLOBAL,PWROCGKENXX01,GASINT,2,2025,2.857
GLOBAL,PWROCGKENXX01,GASINT,2,2026,2.857
GLOBAL,PWROCGKENXX01,GASINT,2,2027,2.857
GLOBAL,PWROCGKENXX01,GASINT,2,2028,2.857
GLOBAL,PWROCGKENXX01,GASINT,2,2029,2.857
GLOBAL,PWROCGKENXX01,GASINT,2,2030,2.857
GLOBAL,PWROCGKENXX01,GASINT,2,2031,2.857
GLOBAL,PWROCGKENXX01,GASINT,2,2032,2.857
GLOBAL,PWROCGKENXX01,GASINT,2,2033,2.857
GLOBAL,PWROCGKENXX01,GASINT,2,2034,2.857
GLOBAL,PWROCGKENXX01,GASINT,2,2035,2.857
GLOBAL,PWROCGKENXX01,GASINT,2,2036,2.857
GLOBAL,PWROCGKENXX01,GASINT,2,2037,2.857
GLOBAL,PWROCGKENXX01,GASINT,2,2038,2.857
GLOBAL,PWROCGKENXX01,GASINT,2,2039,2.857
GLOBAL,PWROCGKENXX01,GASINT,2,2040,2.857
GLOBAL,PWROCGKENXX01,GASINT,2,2041,2.857
GLOBAL,PWROCGKENXX01,GASINT,2,2042,2.857
GLOBAL,PWROCGKENXX01,GASINT,2,2043,2.857
GLOBAL,PWROCGKENXX01,GASINT,2,2044,2.857
GLOBAL,PWROCGKENXX01,GASINT,2,2045,2.857
GLOBAL,PWROCGKENXX01,GASINT,2,2046,2.857
GLOBAL,PWROCGKENXX01,GASINT,2,2047,2.857
GLOBAL,PWROCGKENXX01,GASINT,2,2048,2.857
GLOBAL,PWROCGKENXX01,GASINT,2,2049,2.857
GLOBAL,PWROCGKENXX01,GASINT,2,2050,2.857
GLOBAL,PWROCGTZAXX01,GASTZA,1,2021,2.857
GLOBAL,PWROCGTZAXX01,GASTZA,1,2022,2.857
GLOBAL,PWROCGTZAXX01,GASTZA,1,2023,2.857
GLOBAL,PWROCGTZAXX01,GASTZA,1,2024,2.857
GLOBAL,PWROCGTZAXX01,GASTZA,1,2025,2.857
GLOBAL,PWROCGTZAXX01,GASTZA,1,2026,2.857
GLOBAL,PWROCGTZAXX01,GASTZA,1,2027,2.857
GLOBAL,PWROCGTZAXX01,GASTZA,1,2028,2.857
GLOBAL,PWROCGTZAXX01,GASTZA,1,2029,2.857
GLOBAL,PWROCGTZAXX01,GASTZA,1,2030,2.857
GLOBAL,PWROCGTZAXX01,GASTZA,1,2031,2.857
GLOBAL,PWROCGTZAXX01,GASTZA,1,2032,2.857
GLOBAL,PWROCGTZAXX01,GASTZA,1,2033,2.857
GLOBAL,PWROCGTZAXX01,GASTZA,1,2034,2.857
GLOBAL,PWROCGTZAXX01,GASTZA,1,2035,2.857
GLOBAL,PWROCGTZAXX01,GASTZA,1,2036,2.857
GLOBAL,PWROCGTZAXX01,GASTZA,1,2037,2.857
GLOBAL,PWROCGTZAXX01,GASTZA,1,2038,2.857
GLOBAL,PWROCGTZAXX01,GASTZA,1,2039,2.857
GLOBAL,PWROCGTZAXX01,GASTZA,1,2040,2.857
GLOBAL,PWROCGTZAXX01,GASTZA,1,2041,2.857
GLOBAL,PWROCGTZAXX01,GASTZA,1,2042,2.857
GLOBAL,PWROCGTZAXX01,GASTZA,1,2043,2.857
GLOBAL,PWROCGTZAXX01,GASTZA,1,2044,2.857
GLOBAL,PWROCGTZAXX01,GASTZA,1,2045,2.857
GLOBAL,PWROCGTZAXX01,GASTZA,1,2046,2.857
GLOBAL,PWROCGTZAXX01,GASTZA,1,2047,2.857
GLOBAL,PWROCGTZAXX01,GASTZA,1,2048,2.857
GLOBAL,PWROCGTZAXX01,GASTZA,1,2049,2.857
GLOBAL,PWROCGTZAXX01,GASTZA,1,2050,2.857
GLOBAL,PWROCGTZAXX01,GASINT,2,2021,2.857
GLOBAL,PWROCGTZAXX01,GASINT,2,2022,2.857
GLOBAL,PWROCGTZAXX01,GASINT,2,2023,2.857
GLOBAL,PWROCGTZAXX01,GASINT,2,2024,2.857
GLOBAL,PWROCGTZAXX01,GASINT,2,2025,2.857
GLOBAL,PWROCGTZAXX01,GASINT,2,2026,2.857
GLOBAL,PWROCGTZAXX01,GASINT,2,2027,2.857
GLOBAL,PWROCGTZAXX01,GASINT,2,2028,2.857
GLOBAL,PWROCGTZAXX01,GASINT,2,2029,2.857
GLOBAL,PWROCGTZAXX01,GASINT,2,2030,2.857
GLOBAL,PWROCGTZAXX01,GASINT,2,2031,2.857
GLOBAL,PWROCGTZAXX01,GASINT,2,2032,2.857
GLOBAL,PWROCGTZAXX01,GASINT,2,2033,2.857
GLOBAL,PWROCGTZAXX01,GASINT,2,2034,2.857
GLOBAL,PWROCGTZAXX01,GASINT,2,2035,2.857
GLOBAL,PWROCGTZAXX01,GASINT,2,2036,2.857
GLOBAL,PWROCGTZAXX01,GASINT,2,2037,2.857
GLOBAL,PWROCGTZAXX01,GASINT,2,2038,2.857
GLOBAL,PWROCGTZAXX01,GASINT,2,2039,2.857
GLOBAL,PWROCGTZAXX01,GASINT,2,2040,2.857
GLOBAL,PWROCGTZAXX01,GASINT,2,2041,2.857
GLOBAL,PWROCGTZAXX01,GASINT,2,2042,2.857
GLOBAL,PWROCGTZAXX01,GASINT,2,2043,2.857
GLOBAL,PWROCGTZAXX01,GASINT,2,2044,2.857
GLOBAL,PWROCGTZAXX01,GASINT,2,2045,2.857
GLOBAL,PWROCGTZAXX01,GASINT,2,2046,2.857
GLOBAL,PWROCGTZAXX01,GASINT,2,2047,2.857
GLOBAL,PWROCGTZAXX01,GASINT,2,2048,2.857
GLOBAL,PWROCGTZAXX01,GASINT,2,2049,2.857
GLOBAL,PWROCGTZAXX01,GASINT,2,2050,2.857
GLOBAL,PWRTRNKENXX,ELCKENXX01,1,2021,1.0
GLOBAL,PWRTRNKENXX,ELCKENXX01,1,2022,1.0
GLOBAL,PWRTRNKENXX,ELCKENXX01,1,2023,1.0
GLOBAL,PWRTRNKENXX,ELCKENXX01,1,2024,1.0
GLOBAL,PWRTRNKENXX,ELCKENXX01,1,2025,1.0
GLOBAL,PWRTRNKENXX,ELCKENXX01,1,2026,1.0
GLOBAL,PWRTRNKENXX,ELCKENXX01,1,2027,1.0
GLOBAL,PWRTRNKENXX,ELCKENXX01,1,2028,1.0
GLOBAL,PWRTRNKENXX,ELCKENXX01,1,2029,1.0
GLOBAL,PWRTRNKENXX,ELCKENXX01,1,2030,1.0
GLOBAL,PWRTRNKENXX,ELCKENXX01,1,2031,1.0
GLOBAL,PWRTRNKENXX,ELCKENXX01,1,2032,1.0
GLOBAL,PWRTRNKENXX,ELCKENXX01,1,2033,1.0
GLOBAL,PWRTRNKENXX,ELCKENXX01,1,2034,1.0
GLOBAL,PWRTRNKENXX,ELCKENXX01,1,2035,1.0
GLOBAL,PWRTRNKENXX,ELCKENXX01,1,2036,1.0
GLOBAL,PWRTRNKENXX,ELCKENXX01,1,2037,1.0
GLOBAL,PWRTRNKENXX,ELCKENXX01,1,2038,1.0
GLOBAL,PWRTRNKENXX,ELCKENXX01,1,2039,1.0
GLOBAL,PWRTRNKENXX,ELCKENXX01,1,2040,1.0
GLOBAL,PWRTRNKENXX,ELCKENXX01,1,2041,1.0
GLOBAL,PWRTRNKENXX,ELCKENXX01,1,2042,1.0
GLOBAL,PWRTRNKENXX,ELCKENXX01,1,2043,1.0
GLOBAL,PWRTRNKENXX,ELCKENXX01,1,2044,1.0
GLOBAL,PWRTRNKENXX,ELCKENXX01,1,2045,1.0
GLOBAL,PWRTRNKENXX,ELCKENXX01,1,2046,1.0
GLOBAL,PWRTRNKENXX,ELCKENXX01,1,2047,1.0
GLOBAL,PWRTRNKENXX,ELCKENXX01,1,2048,1.0
GLOBAL,PWRTRNKENXX,ELCKENXX01,1,2049,1.0
GLOBAL,PWRTRNKENXX,ELCKENXX01,1,2050,1.0
GLOBAL,PWRTRNTZAXX,ELCTZAXX01,1,2021,1.0
GLOBAL,PWRTRNTZAXX,ELCTZAXX01,1,2022,1.0
GLOBAL,PWRTRNTZAXX,ELCTZAXX01,1,2023,1.0
GLOBAL,PWRTRNTZAXX,ELCTZAXX01,1,2024,1.0
GLOBAL,PWRTRNTZAXX,ELCTZAXX01,1,2025,1.0
GLOBAL,PWRTRNTZAXX,ELCTZAXX01,1,2026,1.0
GLOBAL,PWRTRNTZAXX,ELCTZAXX01,1,2027,1.0
GLOBAL,PWRTRNTZAXX,ELCTZAXX01,1,2028,1.0
GLOBAL,PWRTRNTZAXX,ELCTZAXX01,1,2029,1.0
GLOBAL,PWRTRNTZAXX,ELCTZAXX01,1,2030,1.0
GLOBAL,PWRTRNTZAXX,ELCTZAXX01,1,2031,1.0
GLOBAL,PWRTRNTZAXX,ELCTZAXX01,1,2032,1.0
GLOBAL,PWRTRNTZAXX,ELCTZAXX01,1,2033,1.0
GLOBAL,PWRTRNTZAXX,ELCTZAXX01,1,2034,1.0
GLOBAL,PWRTRNTZAXX,ELCTZAXX01,1,2035,1.0
GLOBAL,PWRTRNTZAXX,ELCTZAXX01,1,2036,1.0
GLOBAL,PWRTRNTZAXX,ELCTZAXX01,1,2037,1.0
GLOBAL,PWRTRNTZAXX,ELCTZAXX01,1,2038,1.0
GLOBAL,PWRTRNTZAXX,ELCTZAXX01,1,2039,1.0
GLOBAL,PWRTRNTZAXX,ELCTZAXX01,1,2040,1.0
GLOBAL,PWRTRNTZAXX,ELCTZAXX01,1,2041,1.0
GLOBAL,PWRTRNTZAXX,ELCTZAXX01,1,2042,1.0
GLOBAL,PWRTRNTZAXX,ELCTZAXX01,1,2043,1.0
GLOBAL,PWRTRNTZAXX,ELCTZAXX01,1,2044,1.0
GLOBAL,PWRTRNTZAXX,ELCTZAXX01,1,2045,1.0
GLOBAL,PWRTRNTZAXX,ELCTZAXX01,1,2046,1.0
GLOBAL,PWRTRNTZAXX,ELCTZAXX01,1,2047,1.0
GLOBAL,PWRTRNTZAXX,ELCTZAXX01,1,2048,1.0
GLOBAL,PWRTRNTZAXX,ELCTZAXX01,1,2049,1.0
GLOBAL,PWRTRNTZAXX,ELCTZAXX01,1,2050,1.0
GLOBAL,TRNKENXXTZAXX,ELCKENXX02,1,2021,1.0
GLOBAL,TRNKENXXTZAXX,ELCKENXX02,1,2022,1.0
GLOBAL,TRNKENXXTZAXX,ELCKENXX02,1,2023,1.0
GLOBAL,TRNKENXXTZAXX,ELCKENXX02,1,2024,1.0
GLOBAL,TRNKENXXTZAXX,ELCKENXX02,1,2025,1.0
GLOBAL,TRNKENXXTZAXX,ELCKENXX02,1,2026,1.0
GLOBAL,TRNKENXXTZAXX,ELCKENXX02,1,2027,1.0
GLOBAL,TRNKENXXTZAXX,ELCKENXX02,1,2028,1.0
GLOBAL,TRNKENXXTZAXX,ELCKENXX02,1,2029,1.0
GLOBAL,TRNKENXXTZAXX,ELCKENXX02,1,2030,1.0
GLOBAL,TRNKENXXTZAXX,ELCKENXX02,1,2031,1.0
GLOBAL,TRNKENXXTZAXX,ELCKENXX02,1,2032,1.0
GLOBAL,TRNKENXXTZAXX,ELCKENXX02,1,2033,1.0
GLOBAL,TRNKENXXTZAXX,ELCKENXX02,1,2034,1.0
GLOBAL,TRNKENXXTZAXX,ELCKENXX02,1,2035,1.0
GLOBAL,TRNKENXXTZAXX,ELCKENXX02,1,2036,1.0
GLOBAL,TRNKENXXTZAXX,ELCKENXX02,1,2037,1.0
GLOBAL,TRNKENXXTZAXX,ELCKENXX02,1,2038,1.0
GLOBAL,TRNKENXXTZAXX,ELCKENXX02,1,2039,1.0
GLOBAL,TRNKENXXTZAXX,ELCKENXX02,1,2040,1.0
GLOBAL,TRNKENXXTZAXX,ELCKENXX02,1,2041,1.0
GLOBAL,TRNKENXXTZAXX,ELCKENXX02,1,2042,1.0
GLOBAL,TRNKENXXTZAXX,ELCKENXX02,1,2043,1.0
GLOBAL,TRNKENXXTZAXX,ELCKENXX02,1,2044,1.0
GLOBAL,TRNKENXXTZAXX,ELCKENXX02,1,2045,1.0
GLOBAL,TRNKENXXTZAXX,ELCKENXX02,1,2046,1.0
GLOBAL,TRNKENXXTZAXX,ELCKENXX02,1,2047,1.0
GLOBAL,TRNKENXXTZAXX,ELCKENXX02,1,2048,1.0
GLOBAL,TRNKENXXTZAXX,ELCKENXX02,1,2049,1.0
GLOBAL,TRNKENXXTZAXX,ELCKENXX02,1,2050,1.0
GLOBAL,TRNKENXXTZAXX,ELCTZAXX02,2,2021,1.0
GLOBAL,TRNKENXXTZAXX,ELCTZAXX02,2,2022,1.0
GLOBAL,TRNKENXXTZAXX,ELCTZAXX02,2,2023,1.0
GLOBAL,TRNKENXXTZAXX,ELCTZAXX02,2,2024,1.0
GLOBAL,TRNKENXXTZAXX,ELCTZAXX02,2,2025,1.0
GLOBAL,TRNKENXXTZAXX,ELCTZAXX02,2,2026,1.0
GLOBAL,TRNKENXXTZAXX,ELCTZAXX02,2,2027,1.0
GLOBAL,TRNKENXXTZAXX,ELCTZAXX02,2,2028,1.0
GLOBAL,TRNKENXXTZAXX,ELCTZAXX02,2,2029,1.0
GLOBAL,TRNKENXXTZAXX,ELCTZAXX02,2,2030,1.0
GLOBAL,TRNKENXXTZAXX,ELCTZAXX02,2,2031,1.0
GLOBAL,TRNKENXXTZAXX,ELCTZAXX02,2,2032,1.0
GLOBAL,TRNKENXXTZAXX,ELCTZAXX02,2,2033,1.0
GLOBAL,TRNKENXXTZAXX,ELCTZAXX02,2,2034,1.0
GLOBAL,TRNKENXXTZAXX,ELCTZAXX02,2,2035,1.0
GLOBAL,TRNKENXXTZAXX,ELCTZAXX02,2,2036,1.0
GLOBAL,TRNKENXXTZAXX,ELCTZAXX02,2,2037,1.0
GLOBAL,TRNKENXXTZAXX,ELCTZAXX02,2,2038,1.0
GLOBAL,TRNKENXXTZAXX,ELCTZAXX02,2,2039,1.0
GLOBAL,TRNKENXXTZAXX,ELCTZAXX02,2,2040,1.0
GLOBAL,TRNKENXXTZAXX,ELCTZAXX02,2,2041,1.0
GLOBAL,TRNKENXXTZAXX,ELCTZAXX02,2,2042,1.0
GLOBAL,TRNKENXXTZAXX,ELCTZAXX02,2,2043,1.0
GLOBAL,TRNKENXXTZAXX,ELCTZAXX02,2,2044,1.0
GLOBAL,TRNKENXXTZAXX,ELCTZAXX02,2,2045,1.0
GLOBAL,TRNKENXXTZAXX,ELCTZAXX02,2,2046,1.0
GLOBAL,TRNKENXXTZAXX,ELCTZAXX02,2,2047,1.0
GLOBAL,TRNKENXXTZAXX,ELCTZAXX02,2,2048,1.0
GLOBAL,TRNKENXXTZAXX,ELCTZAXX02,2,2049,1.0
GLOBAL,TRNKENXXTZAXX,ELCTZAXX02,2,2050,1.0
GLOBAL,TRNTZAXXKENXX,ELCTZAXX02,1,2021,1.0
GLOBAL,TRNTZAXXKENXX,ELCTZAXX02,1,2022,1.0
GLOBAL,TRNTZAXXKENXX,ELCTZAXX02,1,2023,1.0
GLOBAL,TRNTZAXXKENXX,ELCTZAXX02,1,2024,1.0
GLOBAL,TRNTZAXXKENXX,ELCTZAXX02,1,2025,1.0
GLOBAL,TRNTZAXXKENXX,ELCTZAXX02,1,2026,1.0
GLOBAL,TRNTZAXXKENXX,ELCTZAXX02,1,2027,1.0
GLOBAL,TRNTZAXXKENXX,ELCTZAXX02,1,2028,1.0
GLOBAL,TRNTZAXXKENXX,ELCTZAXX02,1,2029,1.0
GLOBAL,TRNTZAXXKENXX,ELCTZAXX02,1,2030,1.0
GLOBAL,TRNTZAXXKENXX,ELCTZAXX02,1,2031,1.0
GLOBAL,TRNTZAXXKENXX,ELCTZAXX02,1,2032,1.0
GLOBAL,TRNTZAXXKENXX,ELCTZAXX02,1,2033,1.0
GLOBAL,TRNTZAXXKENXX,ELCTZAXX02,1,2034,1.0
GLOBAL,TRNTZAXXKENXX,ELCTZAXX02,1,2035,1.0
GLOBAL,TRNTZAXXKENXX,ELCTZAXX02,1,2036,1.0
GLOBAL,TRNTZAXXKENXX,ELCTZAXX02,1,2037,1.0
GLOBAL,TRNTZAXXKENXX,ELCTZAXX02,1,2038,1.0
GLOBAL,TRNTZAXXKENXX,ELCTZAXX02,1,2039,1.0
GLOBAL,TRNTZAXXKENXX,ELCTZAXX02,1,2040,1.0
GLOBAL,TRNTZAXXKENXX,ELCTZAXX02,1,2041,1.0
GLOBAL,TRNTZAXXKENXX,ELCTZAXX02,1,2042,1.0
GLOBAL,TRNTZAXXKENXX,ELCTZAXX02,1,2043,1.0
GLOBAL,TRNTZAXXKENXX,ELCTZAXX02,1,2044,1.0
GLOBAL,TRNTZAXXKENXX,ELCTZAXX02,1,2045,1.0
GLOBAL,TRNTZAXXKENXX,ELCTZAXX02,1,2046,1.0
GLOBAL,TRNTZAXXKENXX,ELCTZAXX02,1,2047,1.0
GLOBAL,TRNTZAXXKENXX,ELCTZAXX02,1,2048,1.0
GLOBAL,TRNTZAXXKENXX,ELCTZAXX02,1,2049,1.0
GLOBAL,TRNTZAXXKENXX,ELCTZAXX02,1,2050,1.0
GLOBAL,TRNTZAXXKENXX,ELCKENXX02,2,2021,1.0
GLOBAL,TRNTZAXXKENXX,ELCKENXX02,2,2022,1.0
GLOBAL,TRNTZAXXKENXX,ELCKENXX02,2,2023,1.0
GLOBAL,TRNTZAXXKENXX,ELCKENXX02,2,2024,1.0
GLOBAL,TRNTZAXXKENXX,ELCKENXX02,2,2025,1.0
GLOBAL,TRNTZAXXKENXX,ELCKENXX02,2,2026,1.0
GLOBAL,TRNTZAXXKENXX,ELCKENXX02,2,2027,1.0
GLOBAL,TRNTZAXXKENXX,ELCKENXX02,2,2028,1.0
GLOBAL,TRNTZAXXKENXX,ELCKENXX02,2,2029,1.0
GLOBAL,TRNTZAXXKENXX,ELCKENXX02,2,2030,1.0
GLOBAL,TRNTZAXXKENXX,ELCKENXX02,2,2031,1.0
GLOBAL,TRNTZAXXKENXX,ELCKENXX02,2,2032,1.0
GLOBAL,TRNTZAXXKENXX,ELCKENXX02,2,2033,1.0
GLOBAL,TRNTZAXXKENXX,ELCKENXX02,2,2034,1.0
GLOBAL,TRNTZAXXKENXX,ELCKENXX02,2,2035,1.0
GLOBAL,TRNTZAXXKENXX,ELCKENXX02,2,2036,1.0
GLOBAL,TRNTZAXXKENXX,ELCKENXX02,2,2037,1.0
GLOBAL,TRNTZAXXKENXX,ELCKENXX02,2,2038,1.0
GLOBAL,TRNTZAXXKENXX,ELCKENXX02,2,2039,1.0
GLOBAL,TRNTZAXXKENXX,ELCKENXX02,2,2040,1.0
GLOBAL,TRNTZAXXKENXX,ELCKENXX02,2,2041,1.0
GLOBAL,TRNTZAXXKENXX,ELCKENXX02,2,2042,1.0
GLOBAL,TRNTZAXXKENXX,ELCKENXX02,2,2043,1.0
GLOBAL,TRNTZAXXKENXX,ELCKENXX02,2,2044,1.0
GLOBAL,TRNTZAXXKENXX,ELCKENXX02,2,2045,1.0
GLOBAL,TRNTZAXXKENXX,ELCKENXX02,2,2046,1.0
GLOBAL,TRNTZAXXKENXX,ELCKENXX02,2,2047,1.0
GLOBAL,TRNTZAXXKENXX,ELCKENXX02,2,2048,1.0
GLOBAL,TRNTZAXXKENXX,ELCKENXX02,2,2049,1.0
GLOBAL,TRNTZAXXKENXX,ELCKENXX02,2,2050,1.0
