TECH,COUNTRY,YEAR,VALUE
BIO,KEN,2021,0.09
BIO,KEN,2022,0.09
BIO,KEN,2023,0.09
BIO,KEN,2024,0.258561124308078
BIO,KEN,2025,0.2955104096346613
BIO,KEN,2026,0.2955104096346613
BIO,KEN,2027,0.3837700645512502
BIO,KEN,2028,0.4224140945288535
BIO,KEN,2029,0.4600069742854603
BIO,KEN,2030,0.5190042892039728
BIO,KEN,2031,0.557100176126051
BIO,KEN,2032,0.6699588709961668
BIO,KEN,2033,0.7188328105363972
BIO,KEN,2034,0.7677067500766275
BIO,KEN,2035,0.8757868032621153
BIO,KEN,2036,0.8757868032621153
BIO,KEN,2037,1.0872646751154482
BIO,KEN,2038,1.3851598486469685
BIO,KEN,2039,1.5123617404158305
BIO,KEN,2040,1.63969288298114
BIO,KEN,2041,1.7945180444591622
BIO,KEN,2042,1.885510605158436
BIO,KEN,2043,1.976632416654156
BIO,KEN,2044,2.0677542281498766
BIO,KEN,2045,2.158876039645595
BIO,KEN,2046,2.2731337437054786
BIO,KEN,2047,2.3887732353451683
BIO,KEN,2048,2.5147443809917323
BIO,KEN,2049,2.6290020850516127
BIO,KEN,2050,2.7432597891114945
BIO,TZA,2021,0.146077203854111
BIO,TZA,2022,0.1706316647501545
BIO,TZA,2023,0.1758762855274896
BIO,TZA,2024,0.1758762855274896
BIO,TZA,2025,0.3089539716335364
BIO,TZA,2026,0.3089539716335364
BIO,TZA,2027,0.4745064952014316
BIO,TZA,2028,0.4952412525358528
BIO,TZA,2029,0.5170391167368273
BIO,TZA,2030,0.748269454321349
BIO,TZA,2031,0.748269454321349
BIO,TZA,2032,1.0077487994300678
BIO,TZA,2033,1.066945282907918
BIO,TZA,2034,1.126063464158952
BIO,TZA,2035,1.1852599476368026
BIO,TZA,2036,1.1852599476368026
BIO,TZA,2037,1.324121652720041
BIO,TZA,2038,1.3381586675091413
BIO,TZA,2039,1.4053910751371173
BIO,TZA,2040,1.4726234827650924
BIO,TZA,2041,1.5520595456752075
BIO,TZA,2042,1.6314956085853192
BIO,TZA,2043,1.710931671495437
BIO,TZA,2044,1.7904426034563603
BIO,TZA,2045,1.8698786663664748
BIO,TZA,2046,1.9684812062841244
BIO,TZA,2047,2.0670837462017646
BIO,TZA,2048,2.165686286119412
BIO,TZA,2049,2.2642139569862425
BIO,TZA,2050,2.3628164969038843
CCG,TZA,2021,0.208
CCG,TZA,2022,0.208
CCG,TZA,2023,0.2256924696353348
CCG,TZA,2024,0.3176976950901811
CCG,TZA,2025,0.1251320768016632
CCG,TZA,2026,0.1251320768016632
CCG,TZA,2027,0.1251320768016632
CCG,TZA,2028,0.1251320768016632
CCG,TZA,2029,0.1251320768016632
CCG,TZA,2030,0.1251320768016632
CCG,TZA,2031,0.2476006570182133
CCG,TZA,2032,0.2476006570182133
CCG,TZA,2033,0.2476006570182133
CCG,TZA,2034,0.2476006570182133
CCG,TZA,2035,0.2476006570182133
CCG,TZA,2036,0.724694785215296
CCG,TZA,2037,0.724694785215296
CCG,TZA,2038,0.724694785215296
CCG,TZA,2039,0.724694785215296
CCG,TZA,2040,0.724694785215296
CCG,TZA,2041,0.724694785215296
CCG,TZA,2042,0.7628060646255006
CCG,TZA,2043,0.8143691541480698
CCG,TZA,2044,0.865974878437913
CCG,TZA,2045,0.9175379679604874
CCG,TZA,2046,0.9816221403997628
CCG,TZA,2047,1.0457152881602467
CCG,TZA,2048,1.1270427722784055
CCG,TZA,2049,1.1910843099504145
CCG,TZA,2050,1.2551684823896967
GEO,KEN,2021,1.0719809557387063
GEO,KEN,2022,1.1318860702756302
GEO,KEN,2023,1.1318860702756302
GEO,KEN,2024,1.1318860702756302
GEO,KEN,2025,1.1519233231460813
GEO,KEN,2026,1.1519233231460813
GEO,KEN,2027,1.2184502500529537
GEO,KEN,2028,1.3340756483877148
GEO,KEN,2029,1.451114331751718
GEO,KEN,2030,1.546867378681846
GEO,KEN,2031,1.546867378681846
GEO,KEN,2032,1.6028874377249192
GEO,KEN,2033,1.722892252097877
GEO,KEN,2034,1.842897066470836
GEO,KEN,2035,1.935700356745496
GEO,KEN,2036,1.935700356745496
GEO,KEN,2037,1.935700356745496
GEO,KEN,2038,1.952539197061
GEO,KEN,2039,2.0466978544531407
GEO,KEN,2040,2.1410657997532883
GEO,KEN,2041,2.25965770672316
GEO,KEN,2042,2.4069963939588
GEO,KEN,2043,2.554544369102448
GEO,KEN,2044,2.7020923442460942
GEO,KEN,2045,2.8496403193897413
GEO,KEN,2046,3.0346508300663126
GEO,KEN,2047,3.219157158331256
GEO,KEN,2048,3.4598482274211446
GEO,KEN,2049,3.64485873809772
GEO,KEN,2050,3.8298692487742914
GEO,TZA,2021,0.7683856503954974
GEO,TZA,2022,0.8624426097365722
GEO,TZA,2023,0.99298799543113
GEO,TZA,2024,1.9555984138291675
GEO,TZA,2025,2.076282796277315
GEO,TZA,2026,2.076282796277315
GEO,TZA,2027,2.111793834191381
GEO,TZA,2028,2.2929595165097374
GEO,TZA,2029,2.4730393542840043
GEO,TZA,2030,2.568869542179697
GEO,TZA,2031,2.568869542179697
GEO,TZA,2032,2.6815397042048965
GEO,TZA,2033,2.870342494315979
GEO,TZA,2034,3.0588955452866986
GEO,TZA,2035,3.2476983353977804
GEO,TZA,2036,3.2476983353977804
GEO,TZA,2037,3.3511738097592967
GEO,TZA,2038,3.5816094832582066
GEO,TZA,2039,3.787865432739444
GEO,TZA,2040,3.994121382220684
GEO,TZA,2041,4.237815772420675
GEO,TZA,2042,4.481510162620669
GEO,TZA,2043,4.725204552820661
GEO,TZA,2044,4.969128626706048
GEO,TZA,2045,5.21282301690604
GEO,TZA,2046,5.515316430566159
GEO,TZA,2047,5.817809844226284
GEO,TZA,2048,6.1203032578864045
GEO,TZA,2049,6.4225669878611376
GEO,TZA,2050,6.725060401521264
HYD,KEN,2021,0.8198
HYD,KEN,2022,0.8198
HYD,KEN,2023,0.8198
HYD,KEN,2024,0.8198
HYD,KEN,2025,0.8198
HYD,KEN,2026,0.8198
HYD,KEN,2027,0.8198
HYD,KEN,2028,0.8198
HYD,KEN,2029,0.8198
HYD,KEN,2030,0.8198
HYD,KEN,2031,0.8198
HYD,KEN,2032,0.8198
HYD,KEN,2033,0.8198
HYD,KEN,2034,0.8198
HYD,KEN,2035,0.8198
HYD,KEN,2036,0.8198
HYD,KEN,2037,0.8198
HYD,KEN,2038,0.8198
HYD,KEN,2039,0.8198
HYD,KEN,2040,0.8198
HYD,KEN,2041,0.8198
HYD,KEN,2042,0.8198
HYD,KEN,2043,0.8198
HYD,KEN,2044,0.8198
HYD,KEN,2045,0.8198
HYD,KEN,2046,0.8198
HYD,KEN,2047,0.8198
HYD,KEN,2048,0.8198
HYD,KEN,2049,0.8198
HYD,KEN,2050,0.8198
HYD,TZA,2021,0.561
HYD,TZA,2022,0.561
HYD,TZA,2023,0.561
HYD,TZA,2024,0.561
HYD,TZA,2025,0.561
HYD,TZA,2026,0.561
HYD,TZA,2027,0.561
HYD,TZA,2028,0.561
HYD,TZA,2029,0.561
HYD,TZA,2030,0.561
HYD,TZA,2031,0.561
HYD,TZA,2032,0.561
HYD,TZA,2033,0.561
HYD,TZA,2034,0.561
HYD,TZA,2035,0.561
HYD,TZA,2036,0.561
HYD,TZA,2037,0.561
HYD,TZA,2038,0.561
HYD,TZA,2039,0.561
HYD,TZA,2040,0.561
HYD,TZA,2041,0.561
HYD,TZA,2042,0.561
HYD,TZA,2043,0.561
HYD,TZA,2044,0.561
HYD,TZA,2045,0.561
HYD,TZA,2046,0.561
HYD,TZA,2047,0.561
HYD,TZA,2048,0.561
HYD,TZA,2049,0.561
HYD,TZA,2050,0.561
OCG,TZA,2021,0.3547785491989552
OCG,TZA,2022,0.4308638750565752
OCG,TZA,2023,0.4810628874546774
OCG,TZA,2024,0.7873677645300536
OCG,TZA,2025,0.9925291390695543
OCG,TZA,2026,1.5277022501173079
OCG,TZA,2027,2.094016014138378
OCG,TZA,2028,2.273019257220991
OCG,TZA,2029,2.452192306894157
OCG,TZA,2030,2.6255545306130545
OCG,TZA,2031,3.098922099683076
OCG,TZA,2032,3.2678708790513356
OCG,TZA,2033,3.4859698919645803
OCG,TZA,2034,3.703887742523741
OCG,TZA,2035,3.8894729621687616
OCG,TZA,2036,4.158871489343715
OCG,TZA,2037,4.450530685975134
OCG,TZA,2038,4.637816639212135
OCG,TZA,2039,4.888951184592691
OCG,TZA,2040,5.230256394990056
OCG,TZA,2041,5.532962645183084
OCG,TZA,2042,5.90613423275763
OCG,TZA,2043,6.280024675236616
OCG,TZA,2044,6.566077133933393
OCG,TZA,2045,6.851967576412374
OCG,TZA,2046,7.208276626159457
OCG,TZA,2047,7.564674965805083
OCG,TZA,2048,7.87079114831773
OCG,TZA,2049,8.22693818184701
OCG,TZA,2050,8.583247231594093
OIL,KEN,2021,0.7345
OIL,KEN,2022,0.7345
OIL,KEN,2023,0.7345
OIL,KEN,2024,0.7345
OIL,KEN,2025,0.7345
OIL,KEN,2026,0.7345
OIL,KEN,2027,0.447
OIL,KEN,2028,0.447
OIL,KEN,2029,0.447
OIL,KEN,2030,0.327
OIL,KEN,2031,0.327
OIL,KEN,2032,0.252
OIL,KEN,2033,0.252
OIL,KEN,2034,0.252
OIL,KEN,2035,0.252
OIL,KEN,2036,0.252
OIL,KEN,2037,0.252
OIL,KEN,2038,0.252
OIL,KEN,2039,0.252
OIL,KEN,2040,0.162
OIL,KEN,2041,0.162
OIL,KEN,2042,0.088
OIL,TZA,2021,0.1
OIL,TZA,2022,0.1
OIL,TZA,2023,0.1
OIL,TZA,2024,0.1
OIL,TZA,2025,0.1
OIL,TZA,2026,0.1
SDS,KEN,2021,0.0006
SDS,KEN,2022,0.0006
SDS,KEN,2023,0.0006
SDS,KEN,2024,0.0006
SDS,KEN,2025,0.0006
SDS,KEN,2026,0.0006
SDS,KEN,2027,0.0006
SDS,KEN,2028,0.0006
SDS,KEN,2029,0.0006
SDS,KEN,2030,0.0006
SDS,KEN,2031,0.0006341958396752
SDS,KEN,2032,0.0006341958396752
SDS,KEN,2033,0.0006341958396752
SDS,KEN,2034,0.0006341958396752
SDS,KEN,2035,0.0006341958396752
SDS,KEN,2036,0.0006341958396752
SDS,KEN,2037,0.0006341958396752
SDS,KEN,2038,0.0006341958396752
SDS,KEN,2039,0.0006341958396752
SDS,KEN,2040,0.0006341958396752
SDS,KEN,2041,0.0006341958396752
SDS,KEN,2042,0.0006341958396752
SDS,KEN,2043,0.0006341958396752
SDS,KEN,2044,0.0006341958396752
SDS,KEN,2045,0.0006341958396752
SDS,KEN,2046,0.0006341958396752
SDS,KEN,2047,3.4195839675291734e-05
SDS,KEN,2048,3.4195839675291734e-05
SDS,KEN,2049,3.4195839675291734e-05
SDS,KEN,2050,3.4195839675291734e-05
SPV,KEN,2021,0.22
SPV,KEN,2022,0.32
SPV,KEN,2023,0.37
SPV,KEN,2024,0.37
SPV,KEN,2025,0.37
SPV,KEN,2026,2.480310963836045
SPV,KEN,2027,2.673511269302153
SPV,KEN,2028,2.866711574768264
SPV,KEN,2029,3.060365402078191
SPV,KEN,2030,3.2535657075443014
SPV,KEN,2031,5.213687116522065
SPV,KEN,2032,5.547705954493401
SPV,KEN,2033,5.881724792464739
SPV,KEN,2034,6.2157436304360765
SPV,KEN,2035,6.54908218564169
SPV,KEN,2036,9.247310395431878
SPV,KEN,2037,9.76160416632054
SPV,KEN,2038,10.276804980896832
SPV,KEN,2039,10.791098751785489
SPV,KEN,2040,11.306299566361783
SPV,KEN,2041,11.945765366143975
SPV,KEN,2042,12.584324122238538
SPV,KEN,2043,13.223789922020732
SPV,KEN,2044,13.863255721802927
SPV,KEN,2045,14.502721521585125
SPV,KEN,2046,15.30454814145386
SPV,KEN,2047,16.10728180501023
SPV,KEN,2048,16.909108424878973
SPV,KEN,2049,17.71093504474771
SPV,KEN,2050,18.51276166461645
SPV,TZA,2026,3.047746134449348
SPV,TZA,2027,3.288023277582183
SPV,TZA,2028,3.528685480239271
SPV,TZA,2029,3.769347682896357
SPV,TZA,2030,4.010009885553443
SPV,TZA,2031,6.451094739544809
SPV,TZA,2032,6.887752240045827
SPV,TZA,2033,7.324409740546844
SPV,TZA,2034,7.760489651761486
SPV,TZA,2035,8.197147152262502
SPV,TZA,2036,11.621096441905406
SPV,TZA,2037,12.311893228412307
SPV,TZA,2038,13.003460133967714
SPV,TZA,2039,13.69502703952312
SPV,TZA,2040,14.386593945078523
SPV,TZA,2041,15.203690255539868
SPV,TZA,2042,16.020786566001213
SPV,TZA,2043,16.83788287646255
SPV,TZA,2044,17.655749305972392
SPV,TZA,2045,18.472845616433727
SPV,TZA,2046,19.487092403311763
SPV,TZA,2047,20.5013391901898
SPV,TZA,2048,21.51558597706781
SPV,TZA,2049,22.52906264489734
SPV,TZA,2050,23.543309431775373
WON,KEN,2021,0.336
WON,KEN,2022,0.336
WON,KEN,2023,0.336
WON,KEN,2024,0.31
WON,KEN,2025,0.31
WON,KEN,2026,0.31
WON,KEN,2027,0.31
WON,KEN,2028,0.31
WON,KEN,2029,0.31
WON,KEN,2030,0.31
WON,KEN,2031,0.31
WON,KEN,2032,0.31
WON,KEN,2033,0.31
WON,KEN,2034,0.31
WON,KEN,2035,0.31
WON,KEN,2036,0.31
WON,KEN,2037,0.31
WON,KEN,2038,0.31
WON,KEN,2039,0.31
WON,KEN,2040,0.31
WON,KEN,2041,0.31
WON,KEN,2042,0.31
WON,KEN,2043,0.31
WON,KEN,2044,0.31
WON,KEN,2045,0.31
WON,KEN,2046,0.31
WON,KEN,2047,0.31
