REGION,TECHNOLOGY,FUEL,YEAR,VALUE
GLOBAL,MINGASINT,GASINT,2021,1.8460235627515602
GLOBAL,MINGASINT,GASINT,2022,1.8536489816650494
GLOBAL,MINGASINT,GASINT,2023,2.6304567811362034
GLOBAL,MINGASINT,GASINT,2024,2.8106955007474834
GLOBAL,MINGASINT,GASINT,2025,2.1229573874063425
GLOBAL,MINGASINT,GASINT,2026,3.1046176613182253
GLOBAL,MINGASINT,GASINT,2027,3.388863127124267
GLOBAL,MINGASINT,GASINT,2028,3.672576021124517
GLOBAL,MINGASINT,GASINT,2029,3.956417719726257
GLOBAL,MINGASINT,GASINT,2030,2.5492036507751434
GLOBAL,MINGASINT,GASINT,2031,6.930260341714096
GLOBAL,MINGASINT,GASINT,2032,5.162331775962577
GLOBAL,MINGASINT,GASINT,2033,5.505391870407956
GLOBAL,MINGASINT,GASINT,2034,5.847980250599848
GLOBAL,MINGASINT,GASINT,2035,5.752609235973332
GLOBAL,MINGASINT,GASINT,2036,11.424799005008158
GLOBAL,MINGASINT,GASINT,2037,12.29978940555035
GLOBAL,MINGASINT,GASINT,2038,11.718925794362288
GLOBAL,MINGASINT,GASINT,2039,12.0528871370204
GLOBAL,MINGASINT,GASINT,2040,12.38689419755275
GLOBAL,MINGASINT,GASINT,2041,12.783078200618723
GLOBAL,MINGASINT,GASINT,2042,13.542329137079822
GLOBAL,MINGASINT,GASINT,2043,14.288790289033386
GLOBAL,MINGASINT,GASINT,2044,15.028512177942641
GLOBAL,MINGASINT,GASINT,2045,15.767558910397048
GLOBAL,MINGASINT,GASINT,2046,16.68521069722288
GLOBAL,MINGASINT,GASINT,2047,17.60289469076342
GLOBAL,MINGASINT,GASINT,2048,18.616401726057305
GLOBAL,MINGASINT,GASINT,2049,19.5333783564283
GLOBAL,MINGASINT,GASINT,2050,20.45103014325418
GLOBAL,MINOILINT,OILINT,2021,0.5600747747183081
GLOBAL,MINOILINT,OILINT,2022,0.6175812621601134
GLOBAL,MINOILINT,OILINT,2023,0.40339953610155405
GLOBAL,MINOILINT,OILINT,2026,0.002525376155736963
GLOBAL,PWRBIOKENXX01,ELCKENXX01,2021,1.419403824
GLOBAL,PWRBIOKENXX01,ELCKENXX01,2022,1.4194038239999995
GLOBAL,PWRBIOKENXX01,ELCKENXX01,2023,1.4194038239999998
GLOBAL,PWRBIOKENXX01,ELCKENXX01,2024,4.077807206451392
GLOBAL,PWRBIOKENXX01,ELCKENXX01,2025,4.660540060747165
GLOBAL,PWRBIOKENXX01,ELCKENXX01,2026,4.045594616265538
GLOBAL,PWRBIOKENXX01,ELCKENXX01,2027,6.052496635119682
GLOBAL,PWRBIOKENXX01,ELCKENXX01,2028,6.661957567619454
GLOBAL,PWRBIOKENXX01,ELCKENXX01,2029,7.254840648527243
GLOBAL,PWRBIOKENXX01,ELCKENXX01,2030,8.185296364094677
GLOBAL,PWRBIOKENXX01,ELCKENXX01,2031,8.125206534395684
GLOBAL,PWRBIOKENXX01,ELCKENXX01,2032,10.566024260163129
GLOBAL,PWRBIOKENXX01,ELCKENXX01,2033,11.33682266768922
GLOBAL,PWRBIOKENXX01,ELCKENXX01,2034,12.107621075215304
GLOBAL,PWRBIOKENXX01,ELCKENXX01,2035,13.812168195099805
GLOBAL,PWRBIOKENXX01,ELCKENXX01,2036,12.520268195099788
GLOBAL,PWRBIOKENXX01,ELCKENXX01,2037,17.14741819509983
GLOBAL,PWRBIOKENXX01,ELCKENXX01,2038,21.8455687335641
GLOBAL,PWRBIOKENXX01,ELCKENXX01,2039,23.85168930686138
GLOBAL,PWRBIOKENXX01,ELCKENXX01,2040,25.859848314322356
GLOBAL,PWRBIOKENXX01,ELCKENXX01,2041,28.301619717137076
GLOBAL,PWRBIOKENXX01,ELCKENXX01,2042,29.736677368382665
GLOBAL,PWRBIOKENXX01,ELCKENXX01,2043,31.173773453791867
GLOBAL,PWRBIOKENXX01,ELCKENXX01,2044,32.61086953920113
GLOBAL,PWRBIOKENXX01,ELCKENXX01,2045,34.04796562461038
GLOBAL,PWRBIOKENXX01,ELCKENXX01,2046,35.84994142532213
GLOBAL,PWRBIOKENXX01,ELCKENXX01,2047,37.6737096101976
GLOBAL,PWRBIOKENXX01,ELCKENXX01,2048,39.660419897357535
GLOBAL,PWRBIOKENXX01,ELCKENXX01,2049,41.46239569806926
GLOBAL,PWRBIOKENXX01,ELCKENXX01,2050,43.264371498780974
GLOBAL,PWRBIOKENXX01,T01KEN,2021,1.419403824
GLOBAL,PWRBIOKENXX01,T01KEN,2022,1.4194038239999995
GLOBAL,PWRBIOKENXX01,T01KEN,2023,1.4194038239999998
GLOBAL,PWRBIOKENXX01,T01KEN,2024,4.077807206451392
GLOBAL,PWRBIOKENXX01,T01KEN,2025,4.660540060747165
GLOBAL,PWRBIOKENXX01,T01KEN,2026,4.045594616265538
GLOBAL,PWRBIOKENXX01,T01KEN,2027,6.052496635119682
GLOBAL,PWRBIOKENXX01,T01KEN,2028,6.661957567619454
GLOBAL,PWRBIOKENXX01,T01KEN,2029,7.254840648527243
GLOBAL,PWRBIOKENXX01,T01KEN,2030,8.185296364094677
GLOBAL,PWRBIOKENXX01,T01KEN,2031,8.125206534395684
GLOBAL,PWRBIOKENXX01,T01KEN,2032,10.566024260163129
GLOBAL,PWRBIOKENXX01,T01KEN,2033,11.33682266768922
GLOBAL,PWRBIOKENXX01,T01KEN,2034,12.107621075215304
GLOBAL,PWRBIOKENXX01,T01KEN,2035,13.812168195099805
GLOBAL,PWRBIOKENXX01,T01KEN,2036,12.520268195099788
GLOBAL,PWRBIOKENXX01,T01KEN,2037,17.14741819509983
GLOBAL,PWRBIOKENXX01,T01KEN,2038,21.8455687335641
GLOBAL,PWRBIOKENXX01,T01KEN,2039,23.85168930686138
GLOBAL,PWRBIOKENXX01,T01KEN,2040,25.859848314322356
GLOBAL,PWRBIOKENXX01,T01KEN,2041,28.301619717137076
GLOBAL,PWRBIOKENXX01,T01KEN,2042,29.736677368382665
GLOBAL,PWRBIOKENXX01,T01KEN,2043,31.173773453791867
GLOBAL,PWRBIOKENXX01,T01KEN,2044,32.61086953920113
GLOBAL,PWRBIOKENXX01,T01KEN,2045,34.04796562461038
GLOBAL,PWRBIOKENXX01,T01KEN,2046,35.84994142532213
GLOBAL,PWRBIOKENXX01,T01KEN,2047,37.6737096101976
GLOBAL,PWRBIOKENXX01,T01KEN,2048,39.660419897357535
GLOBAL,PWRBIOKENXX01,T01KEN,2049,41.46239569806926
GLOBAL,PWRBIOKENXX01,T01KEN,2050,43.264371498780974
GLOBAL,PWRBIOTZAXX01,ELCTZAXX01,2021,2.3038060194416974
GLOBAL,PWRBIOTZAXX01,ELCTZAXX01,2022,2.6910581937983924
GLOBAL,PWRBIOTZAXX01,ELCTZAXX01,2023,2.7737719136514967
GLOBAL,PWRBIOTZAXX01,ELCTZAXX01,2024,2.773771913651498
GLOBAL,PWRBIOTZAXX01,ELCTZAXX01,2025,4.872560541962547
GLOBAL,PWRBIOTZAXX01,ELCTZAXX01,2026,3.034027062163588
GLOBAL,PWRBIOTZAXX01,ELCTZAXX01,2027,7.483514820019441
GLOBAL,PWRBIOTZAXX01,ELCTZAXX01,2028,7.810525862799323
GLOBAL,PWRBIOTZAXX01,ELCTZAXX01,2029,8.154303327264833
GLOBAL,PWRBIOTZAXX01,ELCTZAXX01,2030,11.801072498290184
GLOBAL,PWRBIOTZAXX01,ELCTZAXX01,2031,11.78670520099647
GLOBAL,PWRBIOTZAXX01,ELCTZAXX01,2032,15.89336110602719
GLOBAL,PWRBIOTZAXX01,ELCTZAXX01,2033,16.826957939536225
GLOBAL,PWRBIOTZAXX01,ELCTZAXX01,2034,17.759319856598925
GLOBAL,PWRBIOTZAXX01,ELCTZAXX01,2035,18.692916690107978
GLOBAL,PWRBIOTZAXX01,ELCTZAXX01,2036,17.074716690107977
GLOBAL,PWRBIOTZAXX01,ELCTZAXX01,2037,20.88292597013363
GLOBAL,PWRBIOTZAXX01,ELCTZAXX01,2038,21.104305886458015
GLOBAL,PWRBIOTZAXX01,ELCTZAXX01,2039,22.164638514056627
GLOBAL,PWRBIOTZAXX01,ELCTZAXX01,2040,23.22497114165524
GLOBAL,PWRBIOTZAXX01,ELCTZAXX01,2041,24.477769491189914
GLOBAL,PWRBIOTZAXX01,ELCTZAXX01,2042,25.73056784072452
GLOBAL,PWRBIOTZAXX01,ELCTZAXX01,2043,26.98336619025928
GLOBAL,PWRBIOTZAXX01,ELCTZAXX01,2044,28.237345311094135
GLOBAL,PWRBIOTZAXX01,ELCTZAXX01,2045,29.49014366062881
GLOBAL,PWRBIOTZAXX01,ELCTZAXX01,2046,31.045219463020217
GLOBAL,PWRBIOTZAXX01,ELCTZAXX01,2047,32.60029526541146
GLOBAL,PWRBIOTZAXX01,ELCTZAXX01,2048,34.155371067802776
GLOBAL,PWRBIOTZAXX01,ELCTZAXX01,2049,35.70926609889385
GLOBAL,PWRBIOTZAXX01,ELCTZAXX01,2050,37.26434190128507
GLOBAL,PWRBIOTZAXX01,T02TZA,2021,2.3038060194416974
GLOBAL,PWRBIOTZAXX01,T02TZA,2022,2.6910581937983924
GLOBAL,PWRBIOTZAXX01,T02TZA,2023,2.7737719136514967
GLOBAL,PWRBIOTZAXX01,T02TZA,2024,2.773771913651498
GLOBAL,PWRBIOTZAXX01,T02TZA,2025,4.872560541962547
GLOBAL,PWRBIOTZAXX01,T02TZA,2026,3.034027062163588
GLOBAL,PWRBIOTZAXX01,T02TZA,2027,7.483514820019441
GLOBAL,PWRBIOTZAXX01,T02TZA,2028,7.810525862799323
GLOBAL,PWRBIOTZAXX01,T02TZA,2029,8.154303327264833
GLOBAL,PWRBIOTZAXX01,T02TZA,2030,11.801072498290184
GLOBAL,PWRBIOTZAXX01,T02TZA,2031,11.78670520099647
GLOBAL,PWRBIOTZAXX01,T02TZA,2032,15.89336110602719
GLOBAL,PWRBIOTZAXX01,T02TZA,2033,16.826957939536225
GLOBAL,PWRBIOTZAXX01,T02TZA,2034,17.759319856598925
GLOBAL,PWRBIOTZAXX01,T02TZA,2035,18.692916690107978
GLOBAL,PWRBIOTZAXX01,T02TZA,2036,17.074716690107977
GLOBAL,PWRBIOTZAXX01,T02TZA,2037,20.88292597013363
GLOBAL,PWRBIOTZAXX01,T02TZA,2038,21.104305886458015
GLOBAL,PWRBIOTZAXX01,T02TZA,2039,22.164638514056627
GLOBAL,PWRBIOTZAXX01,T02TZA,2040,23.22497114165524
GLOBAL,PWRBIOTZAXX01,T02TZA,2041,24.477769491189914
GLOBAL,PWRBIOTZAXX01,T02TZA,2042,25.73056784072452
GLOBAL,PWRBIOTZAXX01,T02TZA,2043,26.98336619025928
GLOBAL,PWRBIOTZAXX01,T02TZA,2044,28.237345311094135
GLOBAL,PWRBIOTZAXX01,T02TZA,2045,29.49014366062881
GLOBAL,PWRBIOTZAXX01,T02TZA,2046,31.045219463020217
GLOBAL,PWRBIOTZAXX01,T02TZA,2047,32.60029526541146
GLOBAL,PWRBIOTZAXX01,T02TZA,2048,34.155371067802776
GLOBAL,PWRBIOTZAXX01,T02TZA,2049,35.70926609889385
GLOBAL,PWRBIOTZAXX01,T02TZA,2050,37.26434190128507
GLOBAL,PWRCCGTZAXX00,ELCTZAXX01,2021,0.7473779606281619
GLOBAL,PWRCCGTZAXX00,ELCTZAXX01,2022,0.7504651747631779
GLOBAL,PWRCCGTZAXX00,ELCTZAXX01,2023,0.9892437385348365
GLOBAL,PWRCCGTZAXX00,ELCTZAXX01,2024,0.5945012308393642
GLOBAL,PWRCCGTZAXX01,ELCTZAXX01,2023,0.09351237347757861
GLOBAL,PWRCCGTZAXX01,ELCTZAXX01,2024,0.5797998834721985
GLOBAL,PWRCCGTZAXX01,ELCTZAXX01,2025,0.5191390926295762
GLOBAL,PWRCCGTZAXX01,ELCTZAXX01,2026,0.6613772831652914
GLOBAL,PWRCCGTZAXX01,ELCTZAXX01,2027,0.6613772831652914
GLOBAL,PWRCCGTZAXX01,ELCTZAXX01,2028,0.6613772831652914
GLOBAL,PWRCCGTZAXX01,ELCTZAXX01,2029,0.6613772831652914
GLOBAL,PWRCCGTZAXX01,ELCTZAXX01,2030,0.43250197436562876
GLOBAL,PWRCCGTZAXX01,ELCTZAXX01,2031,1.5197260694130423
GLOBAL,PWRCCGTZAXX01,ELCTZAXX01,2032,1.1149627653605665
GLOBAL,PWRCCGTZAXX01,ELCTZAXX01,2033,1.1428292563488383
GLOBAL,PWRCCGTZAXX01,ELCTZAXX01,2034,1.1706626595051413
GLOBAL,PWRCCGTZAXX01,ELCTZAXX01,2035,1.140508913127832
GLOBAL,PWRCCGTZAXX01,ELCTZAXX01,2036,3.716582459903398
GLOBAL,PWRCCGTZAXX01,ELCTZAXX01,2037,3.8097575902498138
GLOBAL,PWRCCGTZAXX01,ELCTZAXX01,2038,3.7152834907088508
GLOBAL,PWRCCGTZAXX01,ELCTZAXX01,2039,3.7375002384544747
GLOBAL,PWRCCGTZAXX01,ELCTZAXX01,2040,3.759732497106068
GLOBAL,PWRCCGTZAXX01,ELCTZAXX01,2041,3.7865260488088293
GLOBAL,PWRCCGTZAXX01,ELCTZAXX01,2042,4.0064734340528245
GLOBAL,PWRCCGTZAXX01,ELCTZAXX01,2043,4.250065177205068
GLOBAL,PWRCCGTZAXX01,ELCTZAXX01,2044,4.493865725044617
GLOBAL,PWRCCGTZAXX01,ELCTZAXX01,2045,4.737457468196887
GLOBAL,PWRCCGTZAXX01,ELCTZAXX01,2046,5.040101714300855
GLOBAL,PWRCCGTZAXX01,ELCTZAXX01,2047,5.3427772369579545
GLOBAL,PWRCCGTZAXX01,ELCTZAXX01,2048,5.705509734082057
GLOBAL,PWRCCGTZAXX01,ELCTZAXX01,2049,6.007945175498755
GLOBAL,PWRCCGTZAXX01,ELCTZAXX01,2050,6.310589421602755
GLOBAL,PWRGEOKENXX01,ELCKENXX01,2021,30.431477356613886
GLOBAL,PWRGEOKENXX01,ELCKENXX01,2022,32.13206832963124
GLOBAL,PWRGEOKENXX01,ELCKENXX01,2023,32.13206832963123
GLOBAL,PWRGEOKENXX01,ELCKENXX01,2024,32.13206832963125
GLOBAL,PWRGEOKENXX01,ELCKENXX01,2025,32.70088739656671
GLOBAL,PWRGEOKENXX01,ELCKENXX01,2026,32.70088739656671
GLOBAL,PWRGEOKENXX01,ELCKENXX01,2027,34.58945888557838
GLOBAL,PWRGEOKENXX01,ELCKENXX01,2028,37.87184153653604
GLOBAL,PWRGEOKENXX01,ELCKENXX01,2029,41.19434463099185
GLOBAL,PWRGEOKENXX01,ELCKENXX01,2030,43.91258945043736
GLOBAL,PWRGEOKENXX01,ELCKENXX01,2031,43.91258945043737
GLOBAL,PWRGEOKENXX01,ELCKENXX01,2032,45.502891170966244
GLOBAL,PWRGEOKENXX01,ELCKENXX01,2033,48.90959701935398
GLOBAL,PWRGEOKENXX01,ELCKENXX01,2034,52.31630286774174
GLOBAL,PWRGEOKENXX01,ELCKENXX01,2035,54.95080976965441
GLOBAL,PWRGEOKENXX01,ELCKENXX01,2036,54.950809769654434
GLOBAL,PWRGEOKENXX01,ELCKENXX01,2037,54.9508097696544
GLOBAL,PWRGEOKENXX01,ELCKENXX01,2038,55.428832056365444
GLOBAL,PWRGEOKENXX01,ELCKENXX01,2039,58.10181522366767
GLOBAL,PWRGEOKENXX01,ELCKENXX01,2040,60.7807396721087
GLOBAL,PWRGEOKENXX01,ELCKENXX01,2041,64.14733579707845
GLOBAL,PWRGEOKENXX01,ELCKENXX01,2042,68.32999771878661
GLOBAL,PWRGEOKENXX01,ELCKENXX01,2043,72.51860092163365
GLOBAL,PWRGEOKENXX01,ELCKENXX01,2044,76.70720412448061
GLOBAL,PWRGEOKENXX01,ELCKENXX01,2045,80.89580732732759
GLOBAL,PWRGEOKENXX01,ELCKENXX01,2046,86.14789985401795
GLOBAL,PWRGEOKENXX01,ELCKENXX01,2047,91.38567961184714
GLOBAL,PWRGEOKENXX01,ELCKENXX01,2048,98.21843608922389
GLOBAL,PWRGEOKENXX01,ELCKENXX01,2049,103.4705286159143
GLOBAL,PWRGEOKENXX01,ELCKENXX01,2050,108.72262114260471
GLOBAL,PWRGEOKENXX01,T01KEN,2021,30.431477356613886
GLOBAL,PWRGEOKENXX01,T01KEN,2022,32.13206832963124
GLOBAL,PWRGEOKENXX01,T01KEN,2023,32.13206832963123
GLOBAL,PWRGEOKENXX01,T01KEN,2024,32.13206832963125
GLOBAL,PWRGEOKENXX01,T01KEN,2025,32.70088739656671
GLOBAL,PWRGEOKENXX01,T01KEN,2026,32.70088739656671
GLOBAL,PWRGEOKENXX01,T01KEN,2027,34.58945888557838
GLOBAL,PWRGEOKENXX01,T01KEN,2028,37.87184153653604
GLOBAL,PWRGEOKENXX01,T01KEN,2029,41.19434463099185
GLOBAL,PWRGEOKENXX01,T01KEN,2030,43.91258945043736
GLOBAL,PWRGEOKENXX01,T01KEN,2031,43.91258945043737
GLOBAL,PWRGEOKENXX01,T01KEN,2032,45.502891170966244
GLOBAL,PWRGEOKENXX01,T01KEN,2033,48.90959701935398
GLOBAL,PWRGEOKENXX01,T01KEN,2034,52.31630286774174
GLOBAL,PWRGEOKENXX01,T01KEN,2035,54.95080976965441
GLOBAL,PWRGEOKENXX01,T01KEN,2036,54.950809769654434
GLOBAL,PWRGEOKENXX01,T01KEN,2037,54.9508097696544
GLOBAL,PWRGEOKENXX01,T01KEN,2038,55.428832056365444
GLOBAL,PWRGEOKENXX01,T01KEN,2039,58.10181522366767
GLOBAL,PWRGEOKENXX01,T01KEN,2040,60.7807396721087
GLOBAL,PWRGEOKENXX01,T01KEN,2041,64.14733579707845
GLOBAL,PWRGEOKENXX01,T01KEN,2042,68.32999771878661
GLOBAL,PWRGEOKENXX01,T01KEN,2043,72.51860092163365
GLOBAL,PWRGEOKENXX01,T01KEN,2044,76.70720412448061
GLOBAL,PWRGEOKENXX01,T01KEN,2045,80.89580732732759
GLOBAL,PWRGEOKENXX01,T01KEN,2046,86.14789985401795
GLOBAL,PWRGEOKENXX01,T01KEN,2047,91.38567961184714
GLOBAL,PWRGEOKENXX01,T01KEN,2048,98.21843608922389
GLOBAL,PWRGEOKENXX01,T01KEN,2049,103.4705286159143
GLOBAL,PWRGEOKENXX01,T01KEN,2050,108.72262114260471
GLOBAL,PWRGEOTZAXX01,ELCTZAXX01,2021,21.812990609561922
GLOBAL,PWRGEOTZAXX01,ELCTZAXX01,2022,24.483086764812597
GLOBAL,PWRGEOTZAXX01,ELCTZAXX01,2023,28.189019158020816
GLOBAL,PWRGEOTZAXX01,ELCTZAXX01,2024,55.5156773359491
GLOBAL,PWRGEOTZAXX01,ELCTZAXX01,2025,58.94167481482868
GLOBAL,PWRGEOTZAXX01,ELCTZAXX01,2026,58.94167481482869
GLOBAL,PWRGEOTZAXX01,ELCTZAXX01,2027,59.94976487501737
GLOBAL,PWRGEOTZAXX01,ELCTZAXX01,2028,65.09271012022225
GLOBAL,PWRGEOTZAXX01,ELCTZAXX01,2029,70.20483032746415
GLOBAL,PWRGEOTZAXX01,ELCTZAXX01,2030,72.92526503053982
GLOBAL,PWRGEOTZAXX01,ELCTZAXX01,2031,72.92526503053982
GLOBAL,PWRGEOTZAXX01,ELCTZAXX01,2032,76.12375420712517
GLOBAL,PWRGEOTZAXX01,ELCTZAXX01,2033,81.48350225243597
GLOBAL,PWRGEOTZAXX01,ELCTZAXX01,2034,86.8361606839301
GLOBAL,PWRGEOTZAXX01,ELCTZAXX01,2035,92.1959087292409
GLOBAL,PWRGEOTZAXX01,ELCTZAXX01,2036,92.19590872924088
GLOBAL,PWRGEOTZAXX01,ELCTZAXX01,2037,95.13337840921992
GLOBAL,PWRGEOTZAXX01,ELCTZAXX01,2038,101.67500393222723
GLOBAL,PWRGEOTZAXX01,ELCTZAXX01,2039,107.53021360055564
GLOBAL,PWRGEOTZAXX01,ELCTZAXX01,2040,113.38542326888404
GLOBAL,PWRGEOTZAXX01,ELCTZAXX01,2041,120.3034382556284
GLOBAL,PWRGEOTZAXX01,ELCTZAXX01,2042,127.22145324237282
GLOBAL,PWRGEOTZAXX01,ELCTZAXX01,2043,134.13946822911709
GLOBAL,PWRGEOTZAXX01,ELCTZAXX01,2044,141.0640034938886
GLOBAL,PWRGEOTZAXX01,ELCTZAXX01,2045,147.98201848063297
GLOBAL,PWRGEOTZAXX01,ELCTZAXX01,2046,156.5692246423127
GLOBAL,PWRGEOTZAXX01,ELCTZAXX01,2047,165.1564308039926
GLOBAL,PWRGEOTZAXX01,ELCTZAXX01,2048,173.7436369656724
GLOBAL,PWRGEOTZAXX01,ELCTZAXX01,2049,182.32432284932514
GLOBAL,PWRGEOTZAXX01,ELCTZAXX01,2050,190.9115290110051
GLOBAL,PWRGEOTZAXX01,T02TZA,2021,21.812990609561922
GLOBAL,PWRGEOTZAXX01,T02TZA,2022,24.483086764812597
GLOBAL,PWRGEOTZAXX01,T02TZA,2023,28.189019158020816
GLOBAL,PWRGEOTZAXX01,T02TZA,2024,55.5156773359491
GLOBAL,PWRGEOTZAXX01,T02TZA,2025,58.94167481482868
GLOBAL,PWRGEOTZAXX01,T02TZA,2026,58.94167481482869
GLOBAL,PWRGEOTZAXX01,T02TZA,2027,59.94976487501737
GLOBAL,PWRGEOTZAXX01,T02TZA,2028,65.09271012022225
GLOBAL,PWRGEOTZAXX01,T02TZA,2029,70.20483032746415
GLOBAL,PWRGEOTZAXX01,T02TZA,2030,72.92526503053982
GLOBAL,PWRGEOTZAXX01,T02TZA,2031,72.92526503053982
GLOBAL,PWRGEOTZAXX01,T02TZA,2032,76.12375420712517
GLOBAL,PWRGEOTZAXX01,T02TZA,2033,81.48350225243597
GLOBAL,PWRGEOTZAXX01,T02TZA,2034,86.8361606839301
GLOBAL,PWRGEOTZAXX01,T02TZA,2035,92.1959087292409
GLOBAL,PWRGEOTZAXX01,T02TZA,2036,92.19590872924088
GLOBAL,PWRGEOTZAXX01,T02TZA,2037,95.13337840921992
GLOBAL,PWRGEOTZAXX01,T02TZA,2038,101.67500393222723
GLOBAL,PWRGEOTZAXX01,T02TZA,2039,107.53021360055564
GLOBAL,PWRGEOTZAXX01,T02TZA,2040,113.38542326888404
GLOBAL,PWRGEOTZAXX01,T02TZA,2041,120.3034382556284
GLOBAL,PWRGEOTZAXX01,T02TZA,2042,127.22145324237282
GLOBAL,PWRGEOTZAXX01,T02TZA,2043,134.13946822911709
GLOBAL,PWRGEOTZAXX01,T02TZA,2044,141.0640034938886
GLOBAL,PWRGEOTZAXX01,T02TZA,2045,147.98201848063297
GLOBAL,PWRGEOTZAXX01,T02TZA,2046,156.5692246423127
GLOBAL,PWRGEOTZAXX01,T02TZA,2047,165.1564308039926
GLOBAL,PWRGEOTZAXX01,T02TZA,2048,173.7436369656724
GLOBAL,PWRGEOTZAXX01,T02TZA,2049,182.32432284932514
GLOBAL,PWRGEOTZAXX01,T02TZA,2050,190.9115290110051
GLOBAL,PWRHYDKENXX01,ELCKENXX01,2021,11.1808021765745
GLOBAL,PWRHYDKENXX01,ELCKENXX01,2022,11.180802176574508
GLOBAL,PWRHYDKENXX01,ELCKENXX01,2023,11.180802176574495
GLOBAL,PWRHYDKENXX01,ELCKENXX01,2024,11.180802176574497
GLOBAL,PWRHYDKENXX01,ELCKENXX01,2025,11.180802176574495
GLOBAL,PWRHYDKENXX01,ELCKENXX01,2026,11.180802176574499
GLOBAL,PWRHYDKENXX01,ELCKENXX01,2027,11.180802176574497
GLOBAL,PWRHYDKENXX01,ELCKENXX01,2028,11.180802176574499
GLOBAL,PWRHYDKENXX01,ELCKENXX01,2029,11.180802176574499
GLOBAL,PWRHYDKENXX01,ELCKENXX01,2030,11.180802176574497
GLOBAL,PWRHYDKENXX01,ELCKENXX01,2031,11.180802176574497
GLOBAL,PWRHYDKENXX01,ELCKENXX01,2032,11.180802176574497
GLOBAL,PWRHYDKENXX01,ELCKENXX01,2033,11.180802176574497
GLOBAL,PWRHYDKENXX01,ELCKENXX01,2034,11.180802176574497
GLOBAL,PWRHYDKENXX01,ELCKENXX01,2035,11.180802176574497
GLOBAL,PWRHYDKENXX01,ELCKENXX01,2036,11.180802176574497
GLOBAL,PWRHYDKENXX01,ELCKENXX01,2037,11.180802176574497
GLOBAL,PWRHYDKENXX01,ELCKENXX01,2038,11.180802176574497
GLOBAL,PWRHYDKENXX01,ELCKENXX01,2039,11.180802176574497
GLOBAL,PWRHYDKENXX01,ELCKENXX01,2040,11.180802176574497
GLOBAL,PWRHYDKENXX01,ELCKENXX01,2041,11.180802176574497
GLOBAL,PWRHYDKENXX01,ELCKENXX01,2042,11.180802176574497
GLOBAL,PWRHYDKENXX01,ELCKENXX01,2043,11.180802176574497
GLOBAL,PWRHYDKENXX01,ELCKENXX01,2044,11.180802176574497
GLOBAL,PWRHYDKENXX01,ELCKENXX01,2045,11.180802176574499
GLOBAL,PWRHYDKENXX01,ELCKENXX01,2046,11.180802176574499
GLOBAL,PWRHYDKENXX01,ELCKENXX01,2047,11.180802176574497
GLOBAL,PWRHYDKENXX01,ELCKENXX01,2048,11.180802176574497
GLOBAL,PWRHYDKENXX01,ELCKENXX01,2049,11.180802176574497
GLOBAL,PWRHYDKENXX01,ELCKENXX01,2050,11.180802176574497
GLOBAL,PWRHYDKENXX01,T01KEN,2021,11.1808021765745
GLOBAL,PWRHYDKENXX01,T01KEN,2022,11.180802176574508
GLOBAL,PWRHYDKENXX01,T01KEN,2023,11.180802176574495
GLOBAL,PWRHYDKENXX01,T01KEN,2024,11.180802176574497
GLOBAL,PWRHYDKENXX01,T01KEN,2025,11.180802176574495
GLOBAL,PWRHYDKENXX01,T01KEN,2026,11.180802176574499
GLOBAL,PWRHYDKENXX01,T01KEN,2027,11.180802176574497
GLOBAL,PWRHYDKENXX01,T01KEN,2028,11.180802176574499
GLOBAL,PWRHYDKENXX01,T01KEN,2029,11.180802176574499
GLOBAL,PWRHYDKENXX01,T01KEN,2030,11.180802176574497
GLOBAL,PWRHYDKENXX01,T01KEN,2031,11.180802176574497
GLOBAL,PWRHYDKENXX01,T01KEN,2032,11.180802176574497
GLOBAL,PWRHYDKENXX01,T01KEN,2033,11.180802176574497
GLOBAL,PWRHYDKENXX01,T01KEN,2034,11.180802176574497
GLOBAL,PWRHYDKENXX01,T01KEN,2035,11.180802176574497
GLOBAL,PWRHYDKENXX01,T01KEN,2036,11.180802176574497
GLOBAL,PWRHYDKENXX01,T01KEN,2037,11.180802176574497
GLOBAL,PWRHYDKENXX01,T01KEN,2038,11.180802176574497
GLOBAL,PWRHYDKENXX01,T01KEN,2039,11.180802176574497
GLOBAL,PWRHYDKENXX01,T01KEN,2040,11.180802176574497
GLOBAL,PWRHYDKENXX01,T01KEN,2041,11.180802176574497
GLOBAL,PWRHYDKENXX01,T01KEN,2042,11.180802176574497
GLOBAL,PWRHYDKENXX01,T01KEN,2043,11.180802176574497
GLOBAL,PWRHYDKENXX01,T01KEN,2044,11.180802176574497
GLOBAL,PWRHYDKENXX01,T01KEN,2045,11.180802176574499
GLOBAL,PWRHYDKENXX01,T01KEN,2046,11.180802176574499
GLOBAL,PWRHYDKENXX01,T01KEN,2047,11.180802176574497
GLOBAL,PWRHYDKENXX01,T01KEN,2048,11.180802176574497
GLOBAL,PWRHYDKENXX01,T01KEN,2049,11.180802176574497
GLOBAL,PWRHYDKENXX01,T01KEN,2050,11.180802176574497
GLOBAL,PWRHYDTZAXX01,ELCTZAXX01,2021,7.46508670612531
GLOBAL,PWRHYDTZAXX01,ELCTZAXX01,2022,7.46508670612531
GLOBAL,PWRHYDTZAXX01,ELCTZAXX01,2023,7.46508670612531
GLOBAL,PWRHYDTZAXX01,ELCTZAXX01,2024,7.46508670612531
GLOBAL,PWRHYDTZAXX01,ELCTZAXX01,2025,7.46508670612531
GLOBAL,PWRHYDTZAXX01,ELCTZAXX01,2026,7.46508670612531
GLOBAL,PWRHYDTZAXX01,ELCTZAXX01,2027,7.46508670612531
GLOBAL,PWRHYDTZAXX01,ELCTZAXX01,2028,7.465086706125311
GLOBAL,PWRHYDTZAXX01,ELCTZAXX01,2029,7.465086706125311
GLOBAL,PWRHYDTZAXX01,ELCTZAXX01,2030,7.46508670612531
GLOBAL,PWRHYDTZAXX01,ELCTZAXX01,2031,7.465086706125311
GLOBAL,PWRHYDTZAXX01,ELCTZAXX01,2032,7.46508670612531
GLOBAL,PWRHYDTZAXX01,ELCTZAXX01,2033,7.46508670612531
GLOBAL,PWRHYDTZAXX01,ELCTZAXX01,2034,7.46508670612531
GLOBAL,PWRHYDTZAXX01,ELCTZAXX01,2035,7.46508670612531
GLOBAL,PWRHYDTZAXX01,ELCTZAXX01,2036,7.465086706125311
GLOBAL,PWRHYDTZAXX01,ELCTZAXX01,2037,7.465086706125311
GLOBAL,PWRHYDTZAXX01,ELCTZAXX01,2038,7.465086706125311
GLOBAL,PWRHYDTZAXX01,ELCTZAXX01,2039,7.46508670612531
GLOBAL,PWRHYDTZAXX01,ELCTZAXX01,2040,7.465086706125311
GLOBAL,PWRHYDTZAXX01,ELCTZAXX01,2041,7.465086706125311
GLOBAL,PWRHYDTZAXX01,ELCTZAXX01,2042,7.465086706125311
GLOBAL,PWRHYDTZAXX01,ELCTZAXX01,2043,7.465086706125311
GLOBAL,PWRHYDTZAXX01,ELCTZAXX01,2044,7.465086706125311
GLOBAL,PWRHYDTZAXX01,ELCTZAXX01,2045,7.46508670612531
GLOBAL,PWRHYDTZAXX01,ELCTZAXX01,2046,7.465086706125311
GLOBAL,PWRHYDTZAXX01,ELCTZAXX01,2047,7.465086706125311
GLOBAL,PWRHYDTZAXX01,ELCTZAXX01,2048,7.465086706125311
GLOBAL,PWRHYDTZAXX01,ELCTZAXX01,2049,7.465086706125311
GLOBAL,PWRHYDTZAXX01,ELCTZAXX01,2050,7.465086706125311
GLOBAL,PWRHYDTZAXX01,T02TZA,2021,7.46508670612531
GLOBAL,PWRHYDTZAXX01,T02TZA,2022,7.46508670612531
GLOBAL,PWRHYDTZAXX01,T02TZA,2023,7.46508670612531
GLOBAL,PWRHYDTZAXX01,T02TZA,2024,7.46508670612531
GLOBAL,PWRHYDTZAXX01,T02TZA,2025,7.46508670612531
GLOBAL,PWRHYDTZAXX01,T02TZA,2026,7.46508670612531
GLOBAL,PWRHYDTZAXX01,T02TZA,2027,7.46508670612531
GLOBAL,PWRHYDTZAXX01,T02TZA,2028,7.465086706125311
GLOBAL,PWRHYDTZAXX01,T02TZA,2029,7.465086706125311
GLOBAL,PWRHYDTZAXX01,T02TZA,2030,7.46508670612531
GLOBAL,PWRHYDTZAXX01,T02TZA,2031,7.465086706125311
GLOBAL,PWRHYDTZAXX01,T02TZA,2032,7.46508670612531
GLOBAL,PWRHYDTZAXX01,T02TZA,2033,7.46508670612531
GLOBAL,PWRHYDTZAXX01,T02TZA,2034,7.46508670612531
GLOBAL,PWRHYDTZAXX01,T02TZA,2035,7.46508670612531
GLOBAL,PWRHYDTZAXX01,T02TZA,2036,7.465086706125311
GLOBAL,PWRHYDTZAXX01,T02TZA,2037,7.465086706125311
GLOBAL,PWRHYDTZAXX01,T02TZA,2038,7.465086706125311
GLOBAL,PWRHYDTZAXX01,T02TZA,2039,7.46508670612531
GLOBAL,PWRHYDTZAXX01,T02TZA,2040,7.465086706125311
GLOBAL,PWRHYDTZAXX01,T02TZA,2041,7.465086706125311
GLOBAL,PWRHYDTZAXX01,T02TZA,2042,7.465086706125311
GLOBAL,PWRHYDTZAXX01,T02TZA,2043,7.465086706125311
GLOBAL,PWRHYDTZAXX01,T02TZA,2044,7.465086706125311
GLOBAL,PWRHYDTZAXX01,T02TZA,2045,7.46508670612531
GLOBAL,PWRHYDTZAXX01,T02TZA,2046,7.465086706125311
GLOBAL,PWRHYDTZAXX01,T02TZA,2047,7.465086706125311
GLOBAL,PWRHYDTZAXX01,T02TZA,2048,7.465086706125311
GLOBAL,PWRHYDTZAXX01,T02TZA,2049,7.465086706125311
GLOBAL,PWRHYDTZAXX01,T02TZA,2050,7.465086706125311
GLOBAL,PWROCGTZAXX00,ELCTZAXX01,2024,0.06547587585299525
GLOBAL,PWROCGTZAXX00,ELCTZAXX01,2025,0.1924519726902225
GLOBAL,PWROCGTZAXX00,ELCTZAXX01,2026,0.19741272338615745
GLOBAL,PWROCGTZAXX00,ELCTZAXX01,2027,0.2213259552
GLOBAL,PWROCGTZAXX00,ELCTZAXX01,2028,0.2213259552
GLOBAL,PWROCGTZAXX00,ELCTZAXX01,2029,0.2213259552
GLOBAL,PWROCGTZAXX00,ELCTZAXX01,2030,0.1106629776
GLOBAL,PWROCGTZAXX00,ELCTZAXX01,2031,0.22231933920000002
GLOBAL,PWROCGTZAXX00,ELCTZAXX01,2032,0.14262918029442628
GLOBAL,PWROCGTZAXX00,ELCTZAXX01,2033,0.15180884729887756
GLOBAL,PWROCGTZAXX00,ELCTZAXX01,2034,0.1609699096289402
GLOBAL,PWROCGTZAXX00,ELCTZAXX01,2035,0.1106629776
GLOBAL,PWROCGTZAXX00,ELCTZAXX01,2036,0.15756436862658899
GLOBAL,PWROCGTZAXX00,ELCTZAXX01,2037,0.22231933920000002
GLOBAL,PWROCGTZAXX00,ELCTZAXX01,2038,0.1106629776
GLOBAL,PWROCGTZAXX00,ELCTZAXX01,2039,0.1106629776
GLOBAL,PWROCGTZAXX00,ELCTZAXX01,2040,0.1106629776
GLOBAL,PWROCGTZAXX00,ELCTZAXX01,2041,0.1106629776
GLOBAL,PWROCGTZAXX00,ELCTZAXX01,2042,0.1106629776
GLOBAL,PWROCGTZAXX01,ELCTZAXX01,2025,0.19171795531728023
GLOBAL,PWROCGTZAXX01,ELCTZAXX01,2026,0.4309001038642853
GLOBAL,PWROCGTZAXX01,ELCTZAXX01,2027,0.5070385529526372
GLOBAL,PWROCGTZAXX01,ELCTZAXX01,2028,0.6063430310766309
GLOBAL,PWROCGTZAXX01,ELCTZAXX01,2029,0.7056925930653395
GLOBAL,PWROCGTZAXX01,ELCTZAXX01,2030,0.48143156966744355
GLOBAL,PWROCGTZAXX01,ELCTZAXX01,2031,1.1447452735456811
GLOBAL,PWROCGTZAXX01,ELCTZAXX01,2032,0.8871091467343347
GLOBAL,PWROCGTZAXX01,ELCTZAXX01,2033,0.9787142715248199
GLOBAL,PWROCGTZAXX01,ELCTZAXX01,2034,1.0701956190846418
GLOBAL,PWROCGTZAXX01,ELCTZAXX01,2035,1.1070499482721974
GLOBAL,PWROCGTZAXX01,ELCTZAXX01,2036,1.2432724874809864
GLOBAL,PWROCGTZAXX01,ELCTZAXX01,2037,1.4210721976488347
GLOBAL,PWROCGTZAXX01,ELCTZAXX01,2038,1.3929328335458826
GLOBAL,PWROCGTZAXX01,ELCTZAXX01,2039,1.49427264704496
GLOBAL,PWROCGTZAXX01,ELCTZAXX01,2040,1.5956176044230357
GLOBAL,PWROCGTZAXX01,ELCTZAXX01,2041,1.7155325150497247
GLOBAL,PWROCGTZAXX01,ELCTZAXX01,2042,1.8273127621526684
GLOBAL,PWROCGTZAXX01,ELCTZAXX01,2043,2.0261322837323243
GLOBAL,PWROCGTZAXX01,ELCTZAXX01,2044,2.1143789736973773
GLOBAL,PWROCGTZAXX01,ELCTZAXX01,2045,2.2025355176770307
GLOBAL,PWROCGTZAXX01,ELCTZAXX01,2046,2.311868137424281
GLOBAL,PWROCGTZAXX01,ELCTZAXX01,2047,2.4211901354033993
GLOBAL,PWROCGTZAXX01,ELCTZAXX01,2048,2.5220098907571553
GLOBAL,PWROCGTZAXX01,ELCTZAXX01,2049,2.631252364519003
GLOBAL,PWROCGTZAXX01,ELCTZAXX01,2050,2.740584984266248
GLOBAL,PWROILKENXX01,ELCKENXX01,2021,0.2014657463015497
GLOBAL,PWROILKENXX01,ELCKENXX01,2022,0.22215153315111993
GLOBAL,PWROILKENXX01,ELCKENXX01,2023,0.1451077467991202
GLOBAL,PWROILKENXX01,ELCKENXX01,2026,0.0009084086891140154
GLOBAL,PWRSDSKENXX01,ELCKENXX01,2021,0.0017419035404468786
GLOBAL,PWRSDSKENXX01,ELCKENXX01,2022,0.0017997279839999999
GLOBAL,PWRSDSKENXX01,ELCKENXX01,2023,0.0008958431519999999
GLOBAL,PWRSDSKENXX01,ELCKENXX01,2024,0.0018507848319999998
GLOBAL,PWRSDSKENXX01,ELCKENXX01,2025,0.001850784831999999
GLOBAL,PWRSDSKENXX01,ELCKENXX01,2026,0.0019022999999999998
GLOBAL,PWRSDSKENXX01,ELCKENXX01,2027,0.001850784831999999
GLOBAL,PWRSDSKENXX01,ELCKENXX01,2028,0.001850784831999999
GLOBAL,PWRSDSKENXX01,ELCKENXX01,2029,0.001850784831999999
GLOBAL,PWRSDSKENXX01,ELCKENXX01,2030,0.0009469
GLOBAL,PWRSDSKENXX01,ELCKENXX01,2031,0.0028339
GLOBAL,PWRSDSKENXX01,ELCKENXX01,2032,0.0028339
GLOBAL,PWRSDSKENXX01,ELCKENXX01,2033,0.0028339000000006166
GLOBAL,PWRSDSKENXX01,ELCKENXX01,2034,0.0028339000000000025
GLOBAL,PWRSDSKENXX01,ELCKENXX01,2035,0.002833899999999096
GLOBAL,PWRSDSKENXX01,ELCKENXX01,2036,0.0028339
GLOBAL,PWRSDSKENXX01,ELCKENXX01,2037,0.0028339000000000025
GLOBAL,PWRSDSKENXX01,ELCKENXX01,2038,0.0028339
GLOBAL,PWRSDSKENXX01,ELCKENXX01,2039,0.0028339
GLOBAL,PWRSDSKENXX01,ELCKENXX01,2040,0.0028339
GLOBAL,PWRSDSKENXX01,ELCKENXX01,2041,0.0028339
GLOBAL,PWRSDSKENXX01,ELCKENXX01,2042,0.0028339
GLOBAL,PWRSDSKENXX01,ELCKENXX01,2043,0.0028339
GLOBAL,PWRSDSKENXX01,ELCKENXX01,2044,0.0028339
GLOBAL,PWRSDSKENXX01,ELCKENXX01,2045,0.0028339
GLOBAL,PWRSDSKENXX01,ELCKENXX01,2046,0.0028339
GLOBAL,PWRSPVKENXX01,ELCKENXX01,2021,0.48509240072832
GLOBAL,PWRSPVKENXX01,ELCKENXX01,2022,0.7055889465139201
GLOBAL,PWRSPVKENXX01,ELCKENXX01,2023,0.6615361734673767
GLOBAL,PWRSPVKENXX01,ELCKENXX01,2024,0.8158372194067199
GLOBAL,PWRSPVKENXX01,ELCKENXX01,2025,0.8158372194067199
GLOBAL,PWRSPVKENXX01,ELCKENXX01,2026,5.469
GLOBAL,PWRSPVKENXX01,ELCKENXX01,2027,5.895
GLOBAL,PWRSPVKENXX01,ELCKENXX01,2028,6.320999999999999
GLOBAL,PWRSPVKENXX01,ELCKENXX01,2029,6.747999999999999
GLOBAL,PWRSPVKENXX01,ELCKENXX01,2030,7.174000000000001
GLOBAL,PWRSPVKENXX01,ELCKENXX01,2031,11.496
GLOBAL,PWRSPVKENXX01,ELCKENXX01,2032,12.232500000000002
GLOBAL,PWRSPVKENXX01,ELCKENXX01,2033,12.968999999999998
GLOBAL,PWRSPVKENXX01,ELCKENXX01,2034,13.7055
GLOBAL,PWRSPVKENXX01,ELCKENXX01,2035,14.4405
GLOBAL,PWRSPVKENXX01,ELCKENXX01,2036,20.389999999999993
GLOBAL,PWRSPVKENXX01,ELCKENXX01,2037,21.523999999999997
GLOBAL,PWRSPVKENXX01,ELCKENXX01,2038,22.659999999999997
GLOBAL,PWRSPVKENXX01,ELCKENXX01,2039,23.794
GLOBAL,PWRSPVKENXX01,ELCKENXX01,2040,24.929999999999993
GLOBAL,PWRSPVKENXX01,ELCKENXX01,2041,26.339999999999996
GLOBAL,PWRSPVKENXX01,ELCKENXX01,2042,27.748
GLOBAL,PWRSPVKENXX01,ELCKENXX01,2043,29.158
GLOBAL,PWRSPVKENXX01,ELCKENXX01,2044,30.567999999999998
GLOBAL,PWRSPVKENXX01,ELCKENXX01,2045,31.977999999999998
GLOBAL,PWRSPVKENXX01,ELCKENXX01,2046,33.746
GLOBAL,PWRSPVKENXX01,ELCKENXX01,2047,35.51599999999999
GLOBAL,PWRSPVKENXX01,ELCKENXX01,2048,37.284
GLOBAL,PWRSPVKENXX01,ELCKENXX01,2049,39.05199999999999
GLOBAL,PWRSPVKENXX01,ELCKENXX01,2050,40.82
GLOBAL,PWRSPVKENXX01,T01KEN,2021,0.48509240072832
GLOBAL,PWRSPVKENXX01,T01KEN,2022,0.7055889465139201
GLOBAL,PWRSPVKENXX01,T01KEN,2023,0.6615361734673767
GLOBAL,PWRSPVKENXX01,T01KEN,2024,0.8158372194067199
GLOBAL,PWRSPVKENXX01,T01KEN,2025,0.8158372194067199
GLOBAL,PWRSPVKENXX01,T01KEN,2026,5.469
GLOBAL,PWRSPVKENXX01,T01KEN,2027,5.895
GLOBAL,PWRSPVKENXX01,T01KEN,2028,6.320999999999999
GLOBAL,PWRSPVKENXX01,T01KEN,2029,6.747999999999999
GLOBAL,PWRSPVKENXX01,T01KEN,2030,7.174000000000001
GLOBAL,PWRSPVKENXX01,T01KEN,2031,11.496
GLOBAL,PWRSPVKENXX01,T01KEN,2032,12.232500000000002
GLOBAL,PWRSPVKENXX01,T01KEN,2033,12.968999999999998
GLOBAL,PWRSPVKENXX01,T01KEN,2034,13.7055
GLOBAL,PWRSPVKENXX01,T01KEN,2035,14.4405
GLOBAL,PWRSPVKENXX01,T01KEN,2036,20.389999999999993
GLOBAL,PWRSPVKENXX01,T01KEN,2037,21.523999999999997
GLOBAL,PWRSPVKENXX01,T01KEN,2038,22.659999999999997
GLOBAL,PWRSPVKENXX01,T01KEN,2039,23.794
GLOBAL,PWRSPVKENXX01,T01KEN,2040,24.929999999999993
GLOBAL,PWRSPVKENXX01,T01KEN,2041,26.339999999999996
GLOBAL,PWRSPVKENXX01,T01KEN,2042,27.748
GLOBAL,PWRSPVKENXX01,T01KEN,2043,29.158
GLOBAL,PWRSPVKENXX01,T01KEN,2044,30.567999999999998
GLOBAL,PWRSPVKENXX01,T01KEN,2045,31.977999999999998
GLOBAL,PWRSPVKENXX01,T01KEN,2046,33.746
GLOBAL,PWRSPVKENXX01,T01KEN,2047,35.51599999999999
GLOBAL,PWRSPVKENXX01,T01KEN,2048,37.284
GLOBAL,PWRSPVKENXX01,T01KEN,2049,39.05199999999999
GLOBAL,PWRSPVKENXX01,T01KEN,2050,40.82
GLOBAL,PWRSPVKENXX01,T06KENXX,2021,0.48509240072832
GLOBAL,PWRSPVKENXX01,T06KENXX,2022,0.7055889465139201
GLOBAL,PWRSPVKENXX01,T06KENXX,2023,0.6615361734673767
GLOBAL,PWRSPVKENXX01,T06KENXX,2024,0.8158372194067199
GLOBAL,PWRSPVKENXX01,T06KENXX,2025,0.8158372194067199
GLOBAL,PWRSPVKENXX01,T06KENXX,2026,5.469
GLOBAL,PWRSPVKENXX01,T06KENXX,2027,5.895
GLOBAL,PWRSPVKENXX01,T06KENXX,2028,6.320999999999999
GLOBAL,PWRSPVKENXX01,T06KENXX,2029,6.747999999999999
GLOBAL,PWRSPVKENXX01,T06KENXX,2030,7.174000000000001
GLOBAL,PWRSPVKENXX01,T06KENXX,2031,11.496
GLOBAL,PWRSPVKENXX01,T06KENXX,2032,12.232500000000002
GLOBAL,PWRSPVKENXX01,T06KENXX,2033,12.968999999999998
GLOBAL,PWRSPVKENXX01,T06KENXX,2034,13.7055
GLOBAL,PWRSPVKENXX01,T06KENXX,2035,14.4405
GLOBAL,PWRSPVKENXX01,T06KENXX,2036,20.389999999999993
GLOBAL,PWRSPVKENXX01,T06KENXX,2037,21.523999999999997
GLOBAL,PWRSPVKENXX01,T06KENXX,2038,22.659999999999997
GLOBAL,PWRSPVKENXX01,T06KENXX,2039,23.794
GLOBAL,PWRSPVKENXX01,T06KENXX,2040,24.929999999999993
GLOBAL,PWRSPVKENXX01,T06KENXX,2041,26.339999999999996
GLOBAL,PWRSPVKENXX01,T06KENXX,2042,27.748
GLOBAL,PWRSPVKENXX01,T06KENXX,2043,29.158
GLOBAL,PWRSPVKENXX01,T06KENXX,2044,30.567999999999998
GLOBAL,PWRSPVKENXX01,T06KENXX,2045,31.977999999999998
GLOBAL,PWRSPVKENXX01,T06KENXX,2046,33.746
GLOBAL,PWRSPVKENXX01,T06KENXX,2047,35.51599999999999
GLOBAL,PWRSPVKENXX01,T06KENXX,2048,37.284
GLOBAL,PWRSPVKENXX01,T06KENXX,2049,39.05199999999999
GLOBAL,PWRSPVKENXX01,T06KENXX,2050,40.82
GLOBAL,PWRSPVKENXX01,T07KENXX,2021,0.48509240072832
GLOBAL,PWRSPVKENXX01,T07KENXX,2022,0.7055889465139201
GLOBAL,PWRSPVKENXX01,T07KENXX,2023,0.6615361734673767
GLOBAL,PWRSPVKENXX01,T07KENXX,2024,0.8158372194067199
GLOBAL,PWRSPVKENXX01,T07KENXX,2025,0.8158372194067199
GLOBAL,PWRSPVKENXX01,T07KENXX,2026,5.469
GLOBAL,PWRSPVKENXX01,T07KENXX,2027,5.895
GLOBAL,PWRSPVKENXX01,T07KENXX,2028,6.320999999999999
GLOBAL,PWRSPVKENXX01,T07KENXX,2029,6.747999999999999
GLOBAL,PWRSPVKENXX01,T07KENXX,2030,7.174000000000001
GLOBAL,PWRSPVKENXX01,T07KENXX,2031,11.496
GLOBAL,PWRSPVKENXX01,T07KENXX,2032,12.232500000000002
GLOBAL,PWRSPVKENXX01,T07KENXX,2033,12.968999999999998
GLOBAL,PWRSPVKENXX01,T07KENXX,2034,13.7055
GLOBAL,PWRSPVKENXX01,T07KENXX,2035,14.4405
GLOBAL,PWRSPVKENXX01,T07KENXX,2036,20.389999999999993
GLOBAL,PWRSPVKENXX01,T07KENXX,2037,21.523999999999997
GLOBAL,PWRSPVKENXX01,T07KENXX,2038,22.659999999999997
GLOBAL,PWRSPVKENXX01,T07KENXX,2039,23.794
GLOBAL,PWRSPVKENXX01,T07KENXX,2040,24.929999999999993
GLOBAL,PWRSPVKENXX01,T07KENXX,2041,26.339999999999996
GLOBAL,PWRSPVKENXX01,T07KENXX,2042,27.748
GLOBAL,PWRSPVKENXX01,T07KENXX,2043,29.158
GLOBAL,PWRSPVKENXX01,T07KENXX,2044,30.567999999999998
GLOBAL,PWRSPVKENXX01,T07KENXX,2045,31.977999999999998
GLOBAL,PWRSPVKENXX01,T07KENXX,2046,33.746
GLOBAL,PWRSPVKENXX01,T07KENXX,2047,35.51599999999999
GLOBAL,PWRSPVKENXX01,T07KENXX,2048,37.284
GLOBAL,PWRSPVKENXX01,T07KENXX,2049,39.05199999999999
GLOBAL,PWRSPVKENXX01,T07KENXX,2050,40.82
GLOBAL,PWRSPVKENXX01,T08KENXX,2021,0.48509240072832
GLOBAL,PWRSPVKENXX01,T08KENXX,2022,0.7055889465139201
GLOBAL,PWRSPVKENXX01,T08KENXX,2023,0.6615361734673767
GLOBAL,PWRSPVKENXX01,T08KENXX,2024,0.8158372194067199
GLOBAL,PWRSPVKENXX01,T08KENXX,2025,0.8158372194067199
GLOBAL,PWRSPVKENXX01,T08KENXX,2026,5.469
GLOBAL,PWRSPVKENXX01,T08KENXX,2027,5.895
GLOBAL,PWRSPVKENXX01,T08KENXX,2028,6.320999999999999
GLOBAL,PWRSPVKENXX01,T08KENXX,2029,6.747999999999999
GLOBAL,PWRSPVKENXX01,T08KENXX,2030,7.174000000000001
GLOBAL,PWRSPVKENXX01,T08KENXX,2031,11.496
GLOBAL,PWRSPVKENXX01,T08KENXX,2032,12.232500000000002
GLOBAL,PWRSPVKENXX01,T08KENXX,2033,12.968999999999998
GLOBAL,PWRSPVKENXX01,T08KENXX,2034,13.7055
GLOBAL,PWRSPVKENXX01,T08KENXX,2035,14.4405
GLOBAL,PWRSPVKENXX01,T08KENXX,2036,20.389999999999993
GLOBAL,PWRSPVKENXX01,T08KENXX,2037,21.523999999999997
GLOBAL,PWRSPVKENXX01,T08KENXX,2038,22.659999999999997
GLOBAL,PWRSPVKENXX01,T08KENXX,2039,23.794
GLOBAL,PWRSPVKENXX01,T08KENXX,2040,24.929999999999993
GLOBAL,PWRSPVKENXX01,T08KENXX,2041,26.339999999999996
GLOBAL,PWRSPVKENXX01,T08KENXX,2042,27.748
GLOBAL,PWRSPVKENXX01,T08KENXX,2043,29.158
GLOBAL,PWRSPVKENXX01,T08KENXX,2044,30.567999999999998
GLOBAL,PWRSPVKENXX01,T08KENXX,2045,31.977999999999998
GLOBAL,PWRSPVKENXX01,T08KENXX,2046,33.746
GLOBAL,PWRSPVKENXX01,T08KENXX,2047,35.51599999999999
GLOBAL,PWRSPVKENXX01,T08KENXX,2048,37.284
GLOBAL,PWRSPVKENXX01,T08KENXX,2049,39.05199999999999
GLOBAL,PWRSPVKENXX01,T08KENXX,2050,40.82
GLOBAL,PWRSPVTZAXX01,ELCTZAXX01,2026,7.915
GLOBAL,PWRSPVTZAXX01,ELCTZAXX01,2027,8.538999999999998
GLOBAL,PWRSPVTZAXX01,ELCTZAXX01,2028,9.164
GLOBAL,PWRSPVTZAXX01,ELCTZAXX01,2029,9.789000000000001
GLOBAL,PWRSPVTZAXX01,ELCTZAXX01,2030,10.413999999999998
GLOBAL,PWRSPVTZAXX01,ELCTZAXX01,2031,16.7535
GLOBAL,PWRSPVTZAXX01,ELCTZAXX01,2032,17.887499999999996
GLOBAL,PWRSPVTZAXX01,ELCTZAXX01,2033,19.0215
GLOBAL,PWRSPVTZAXX01,ELCTZAXX01,2034,20.154
GLOBAL,PWRSPVTZAXX01,ELCTZAXX01,2035,21.288
GLOBAL,PWRSPVTZAXX01,ELCTZAXX01,2036,30.180000000000007
GLOBAL,PWRSPVTZAXX01,ELCTZAXX01,2037,31.973999999999997
GLOBAL,PWRSPVTZAXX01,ELCTZAXX01,2038,33.77
GLOBAL,PWRSPVTZAXX01,ELCTZAXX01,2039,35.565999999999995
GLOBAL,PWRSPVTZAXX01,ELCTZAXX01,2040,37.362
GLOBAL,PWRSPVTZAXX01,ELCTZAXX01,2041,39.48399999999999
GLOBAL,PWRSPVTZAXX01,ELCTZAXX01,2042,41.605999999999995
GLOBAL,PWRSPVTZAXX01,ELCTZAXX01,2043,43.728
GLOBAL,PWRSPVTZAXX01,ELCTZAXX01,2044,45.85199999999998
GLOBAL,PWRSPVTZAXX01,ELCTZAXX01,2045,47.97399999999998
GLOBAL,PWRSPVTZAXX01,ELCTZAXX01,2046,50.60799999999999
GLOBAL,PWRSPVTZAXX01,ELCTZAXX01,2047,53.24199999999999
GLOBAL,PWRSPVTZAXX01,ELCTZAXX01,2048,55.876
GLOBAL,PWRSPVTZAXX01,ELCTZAXX01,2049,58.508
GLOBAL,PWRSPVTZAXX01,ELCTZAXX01,2050,61.142
GLOBAL,PWRSPVTZAXX01,T02TZA,2026,7.915
GLOBAL,PWRSPVTZAXX01,T02TZA,2027,8.538999999999998
GLOBAL,PWRSPVTZAXX01,T02TZA,2028,9.164
GLOBAL,PWRSPVTZAXX01,T02TZA,2029,9.789000000000001
GLOBAL,PWRSPVTZAXX01,T02TZA,2030,10.413999999999998
GLOBAL,PWRSPVTZAXX01,T02TZA,2031,16.7535
GLOBAL,PWRSPVTZAXX01,T02TZA,2032,17.887499999999996
GLOBAL,PWRSPVTZAXX01,T02TZA,2033,19.0215
GLOBAL,PWRSPVTZAXX01,T02TZA,2034,20.154
GLOBAL,PWRSPVTZAXX01,T02TZA,2035,21.288
GLOBAL,PWRSPVTZAXX01,T02TZA,2036,30.180000000000007
GLOBAL,PWRSPVTZAXX01,T02TZA,2037,31.973999999999997
GLOBAL,PWRSPVTZAXX01,T02TZA,2038,33.77
GLOBAL,PWRSPVTZAXX01,T02TZA,2039,35.565999999999995
GLOBAL,PWRSPVTZAXX01,T02TZA,2040,37.362
GLOBAL,PWRSPVTZAXX01,T02TZA,2041,39.48399999999999
GLOBAL,PWRSPVTZAXX01,T02TZA,2042,41.605999999999995
GLOBAL,PWRSPVTZAXX01,T02TZA,2043,43.728
GLOBAL,PWRSPVTZAXX01,T02TZA,2044,45.85199999999998
GLOBAL,PWRSPVTZAXX01,T02TZA,2045,47.97399999999998
GLOBAL,PWRSPVTZAXX01,T02TZA,2046,50.60799999999999
GLOBAL,PWRSPVTZAXX01,T02TZA,2047,53.24199999999999
GLOBAL,PWRSPVTZAXX01,T02TZA,2048,55.876
GLOBAL,PWRSPVTZAXX01,T02TZA,2049,58.508
GLOBAL,PWRSPVTZAXX01,T02TZA,2050,61.142
GLOBAL,PWRSPVTZAXX01,T03TZAXX,2026,7.915
GLOBAL,PWRSPVTZAXX01,T03TZAXX,2027,8.538999999999998
GLOBAL,PWRSPVTZAXX01,T03TZAXX,2028,9.164
GLOBAL,PWRSPVTZAXX01,T03TZAXX,2029,9.789000000000001
GLOBAL,PWRSPVTZAXX01,T03TZAXX,2030,10.413999999999998
GLOBAL,PWRSPVTZAXX01,T03TZAXX,2031,16.7535
GLOBAL,PWRSPVTZAXX01,T03TZAXX,2032,17.887499999999996
GLOBAL,PWRSPVTZAXX01,T03TZAXX,2033,19.0215
GLOBAL,PWRSPVTZAXX01,T03TZAXX,2034,20.154
GLOBAL,PWRSPVTZAXX01,T03TZAXX,2035,21.288
GLOBAL,PWRSPVTZAXX01,T03TZAXX,2036,30.180000000000007
GLOBAL,PWRSPVTZAXX01,T03TZAXX,2037,31.973999999999997
GLOBAL,PWRSPVTZAXX01,T03TZAXX,2038,33.77
GLOBAL,PWRSPVTZAXX01,T03TZAXX,2039,35.565999999999995
GLOBAL,PWRSPVTZAXX01,T03TZAXX,2040,37.362
GLOBAL,PWRSPVTZAXX01,T03TZAXX,2041,39.48399999999999
GLOBAL,PWRSPVTZAXX01,T03TZAXX,2042,41.605999999999995
GLOBAL,PWRSPVTZAXX01,T03TZAXX,2043,43.728
GLOBAL,PWRSPVTZAXX01,T03TZAXX,2044,45.85199999999998
GLOBAL,PWRSPVTZAXX01,T03TZAXX,2045,47.97399999999998
GLOBAL,PWRSPVTZAXX01,T03TZAXX,2046,50.60799999999999
GLOBAL,PWRSPVTZAXX01,T03TZAXX,2047,53.24199999999999
GLOBAL,PWRSPVTZAXX01,T03TZAXX,2048,55.876
GLOBAL,PWRSPVTZAXX01,T03TZAXX,2049,58.508
GLOBAL,PWRSPVTZAXX01,T03TZAXX,2050,61.142
GLOBAL,PWRSPVTZAXX01,T04TZAXX,2026,7.915
GLOBAL,PWRSPVTZAXX01,T04TZAXX,2027,8.538999999999998
GLOBAL,PWRSPVTZAXX01,T04TZAXX,2028,9.164
GLOBAL,PWRSPVTZAXX01,T04TZAXX,2029,9.789000000000001
GLOBAL,PWRSPVTZAXX01,T04TZAXX,2030,10.413999999999998
GLOBAL,PWRSPVTZAXX01,T04TZAXX,2031,16.7535
GLOBAL,PWRSPVTZAXX01,T04TZAXX,2032,17.887499999999996
GLOBAL,PWRSPVTZAXX01,T04TZAXX,2033,19.0215
GLOBAL,PWRSPVTZAXX01,T04TZAXX,2034,20.154
GLOBAL,PWRSPVTZAXX01,T04TZAXX,2035,21.288
GLOBAL,PWRSPVTZAXX01,T04TZAXX,2036,30.180000000000007
GLOBAL,PWRSPVTZAXX01,T04TZAXX,2037,31.973999999999997
GLOBAL,PWRSPVTZAXX01,T04TZAXX,2038,33.77
GLOBAL,PWRSPVTZAXX01,T04TZAXX,2039,35.565999999999995
GLOBAL,PWRSPVTZAXX01,T04TZAXX,2040,37.362
GLOBAL,PWRSPVTZAXX01,T04TZAXX,2041,39.48399999999999
GLOBAL,PWRSPVTZAXX01,T04TZAXX,2042,41.605999999999995
GLOBAL,PWRSPVTZAXX01,T04TZAXX,2043,43.728
GLOBAL,PWRSPVTZAXX01,T04TZAXX,2044,45.85199999999998
GLOBAL,PWRSPVTZAXX01,T04TZAXX,2045,47.97399999999998
GLOBAL,PWRSPVTZAXX01,T04TZAXX,2046,50.60799999999999
GLOBAL,PWRSPVTZAXX01,T04TZAXX,2047,53.24199999999999
GLOBAL,PWRSPVTZAXX01,T04TZAXX,2048,55.876
GLOBAL,PWRSPVTZAXX01,T04TZAXX,2049,58.508
GLOBAL,PWRSPVTZAXX01,T04TZAXX,2050,61.142
GLOBAL,PWRSPVTZAXX01,T05TZAXX,2026,7.915
GLOBAL,PWRSPVTZAXX01,T05TZAXX,2027,8.538999999999998
GLOBAL,PWRSPVTZAXX01,T05TZAXX,2028,9.164
GLOBAL,PWRSPVTZAXX01,T05TZAXX,2029,9.789000000000001
GLOBAL,PWRSPVTZAXX01,T05TZAXX,2030,10.413999999999998
GLOBAL,PWRSPVTZAXX01,T05TZAXX,2031,16.7535
GLOBAL,PWRSPVTZAXX01,T05TZAXX,2032,17.887499999999996
GLOBAL,PWRSPVTZAXX01,T05TZAXX,2033,19.0215
GLOBAL,PWRSPVTZAXX01,T05TZAXX,2034,20.154
GLOBAL,PWRSPVTZAXX01,T05TZAXX,2035,21.288
GLOBAL,PWRSPVTZAXX01,T05TZAXX,2036,30.180000000000007
GLOBAL,PWRSPVTZAXX01,T05TZAXX,2037,31.973999999999997
GLOBAL,PWRSPVTZAXX01,T05TZAXX,2038,33.77
GLOBAL,PWRSPVTZAXX01,T05TZAXX,2039,35.565999999999995
GLOBAL,PWRSPVTZAXX01,T05TZAXX,2040,37.362
GLOBAL,PWRSPVTZAXX01,T05TZAXX,2041,39.48399999999999
GLOBAL,PWRSPVTZAXX01,T05TZAXX,2042,41.605999999999995
GLOBAL,PWRSPVTZAXX01,T05TZAXX,2043,43.728
GLOBAL,PWRSPVTZAXX01,T05TZAXX,2044,45.85199999999998
GLOBAL,PWRSPVTZAXX01,T05TZAXX,2045,47.97399999999998
GLOBAL,PWRSPVTZAXX01,T05TZAXX,2046,50.60799999999999
GLOBAL,PWRSPVTZAXX01,T05TZAXX,2047,53.24199999999999
GLOBAL,PWRSPVTZAXX01,T05TZAXX,2048,55.876
GLOBAL,PWRSPVTZAXX01,T05TZAXX,2049,58.508
GLOBAL,PWRSPVTZAXX01,T05TZAXX,2050,61.142
GLOBAL,PWRTRNKENXX,ELCKENXX02,2021,46.06016670235563
GLOBAL,PWRTRNKENXX,ELCKENXX02,2022,48.06016670235563
GLOBAL,PWRTRNKENXX,ELCKENXX02,2023,47.50784137957905
GLOBAL,PWRTRNKENXX,ELCKENXX02,2024,50.02290016200322
GLOBAL,PWRTRNKENXX,ELCKENXX02,2025,51.174452083234456
GLOBAL,PWRTRNKENXX,ELCKENXX02,2026,55.21356873712322
GLOBAL,PWRTRNKENXX,ELCKENXX02,2027,59.53414292721192
GLOBAL,PWRTRNKENXX,ELCKENXX02,2028,63.851986510669356
GLOBAL,PWRTRNKENXX,ELCKENXX02,2029,68.19437268603296
GLOBAL,PWRTRNKENXX,ELCKENXX02,2030,72.2692327301339
GLOBAL,PWRTRNKENXX,ELCKENXX02,2031,76.82932359059039
GLOBAL,PWRTRNKENXX,ELCKENXX02,2032,81.5949836343286
GLOBAL,PWRTRNKENXX,ELCKENXX02,2033,86.50702848768432
GLOBAL,PWRTRNKENXX,ELCKENXX02,2034,91.41907334104006
GLOBAL,PWRTRNKENXX,ELCKENXX02,2035,96.37793602258839
GLOBAL,PWRTRNKENXX,ELCKENXX02,2036,101.95
GLOBAL,PWRTRNKENXX,ELCKENXX02,2037,107.62
GLOBAL,PWRTRNKENXX,ELCKENXX02,2038,113.31045624671714
GLOBAL,PWRTRNKENXX,ELCKENXX02,2039,119.02908827042076
GLOBAL,PWRTRNKENXX,ELCKENXX02,2040,124.75771495604609
GLOBAL,PWRTRNKENXX,ELCKENXX02,2041,131.86498712939698
GLOBAL,PWRTRNKENXX,ELCKENXX02,2042,138.90122912227955
GLOBAL,PWRTRNKENXX,ELCKENXX02,2043,145.94746577708383
GLOBAL,PWRTRNKENXX,ELCKENXX02,2044,152.9937024318881
GLOBAL,PWRTRNKENXX,ELCKENXX02,2045,160.03993908669236
GLOBAL,PWRTRNKENXX,ELCKENXX02,2046,168.8752202254824
GLOBAL,PWRTRNKENXX,ELCKENXX02,2047,177.72049602619416
GLOBAL,PWRTRNKENXX,ELCKENXX02,2048,186.53317908233618
GLOBAL,PWRTRNKENXX,ELCKENXX02,2049,195.3684602211262
GLOBAL,PWRTRNKENXX,ELCKENXX02,2050,204.20374135991625
GLOBAL,PWRTRNTZAXX,ELCTZAXX02,2021,32.387239133481025
GLOBAL,PWRTRNTZAXX,ELCTZAXX02,2022,35.44767467722342
GLOBAL,PWRTRNTZAXX,ELCTZAXX02,2023,40.0
GLOBAL,PWRTRNTZAXX,ELCTZAXX02,2024,67.98
GLOBAL,PWRTRNTZAXX,ELCTZAXX02,2025,72.89999999999999
GLOBAL,PWRTRNTZAXX,ELCTZAXX02,2026,79.14999999999999
GLOBAL,PWRTRNTZAXX,ELCTZAXX02,2027,85.39
GLOBAL,PWRTRNTZAXX,ELCTZAXX02,2028,91.64
GLOBAL,PWRTRNTZAXX,ELCTZAXX02,2029,97.89
GLOBAL,PWRTRNTZAXX,ELCTZAXX02,2030,104.14
GLOBAL,PWRTRNTZAXX,ELCTZAXX02,2031,111.99978361818505
GLOBAL,PWRTRNTZAXX,ELCTZAXX02,2032,119.55775024137873
GLOBAL,PWRTRNTZAXX,ELCTZAXX02,2033,127.11571686457242
GLOBAL,PWRTRNTZAXX,ELCTZAXX02,2034,134.6636834877661
GLOBAL,PWRTRNTZAXX,ELCTZAXX02,2035,142.1041432745608
GLOBAL,PWRTRNTZAXX,ELCTZAXX02,2036,152.03313144148515
GLOBAL,PWRTRNTZAXX,ELCTZAXX02,2037,160.9085402125775
GLOBAL,PWRTRNTZAXX,ELCTZAXX02,2038,169.24335167512686
GLOBAL,PWRTRNTZAXX,ELCTZAXX02,2039,178.12531332297985
GLOBAL,PWRTRNTZAXX,ELCTZAXX02,2040,187.00729048173883
GLOBAL,PWRTRNTZAXX,ELCTZAXX02,2041,197.5020008920317
GLOBAL,PWRTRNTZAXX,ELCTZAXX02,2042,208.12292056983915
GLOBAL,PWRTRNTZAXX,ELCTZAXX02,2043,218.7438557585526
GLOBAL,PWRTRNTZAXX,ELCTZAXX02,2044,229.37479094726604
GLOBAL,PWRTRNTZAXX,ELCTZAXX02,2045,239.99572613597948
GLOBAL,PWRTRNTZAXX,ELCTZAXX02,2046,253.1794377768627
GLOBAL,PWRTRNTZAXX,ELCTZAXX02,2047,266.3631649286519
GLOBAL,PWRTRNTZAXX,ELCTZAXX02,2048,279.5766759917605
GLOBAL,PWRTRNTZAXX,ELCTZAXX02,2049,292.7503876326437
GLOBAL,PWRTRNTZAXX,ELCTZAXX02,2050,305.93409927352695
GLOBAL,PWRWONKENXX01,ELCKENXX01,2021,1.9690812190748197
GLOBAL,PWRWONKENXX01,ELCKENXX01,2022,1.96908121907482
GLOBAL,PWRWONKENXX01,ELCKENXX01,2023,1.9690812190748197
GLOBAL,PWRWONKENXX01,ELCKENXX01,2024,1.8167118390273602
GLOBAL,PWRWONKENXX01,ELCKENXX01,2025,1.8167118390273602
GLOBAL,PWRWONKENXX01,ELCKENXX01,2026,1.8167118390273602
GLOBAL,PWRWONKENXX01,ELCKENXX01,2027,1.8167118390273602
GLOBAL,PWRWONKENXX01,ELCKENXX01,2028,1.8167118390273602
GLOBAL,PWRWONKENXX01,ELCKENXX01,2029,1.81671183902736
GLOBAL,PWRWONKENXX01,ELCKENXX01,2030,1.81671183902736
GLOBAL,PWRWONKENXX01,ELCKENXX01,2031,1.8167118390273602
GLOBAL,PWRWONKENXX01,ELCKENXX01,2032,1.8167118390273602
GLOBAL,PWRWONKENXX01,ELCKENXX01,2033,1.8167118390273602
GLOBAL,PWRWONKENXX01,ELCKENXX01,2034,1.81671183902736
GLOBAL,PWRWONKENXX01,ELCKENXX01,2035,1.8167118390273602
GLOBAL,PWRWONKENXX01,ELCKENXX01,2036,1.8167118390273602
GLOBAL,PWRWONKENXX01,ELCKENXX01,2037,1.8167118390273602
GLOBAL,PWRWONKENXX01,ELCKENXX01,2038,1.8167118390273602
GLOBAL,PWRWONKENXX01,ELCKENXX01,2039,1.8167118390273602
GLOBAL,PWRWONKENXX01,ELCKENXX01,2040,1.8167118390273602
GLOBAL,PWRWONKENXX01,ELCKENXX01,2041,1.8167118390273602
GLOBAL,PWRWONKENXX01,ELCKENXX01,2042,1.8167118390273602
GLOBAL,PWRWONKENXX01,ELCKENXX01,2043,1.8167118390273602
GLOBAL,PWRWONKENXX01,ELCKENXX01,2044,1.8167118390273602
GLOBAL,PWRWONKENXX01,ELCKENXX01,2045,1.8167118390273602
GLOBAL,PWRWONKENXX01,ELCKENXX01,2046,1.8167118390273602
GLOBAL,PWRWONKENXX01,ELCKENXX01,2047,1.8167118390273602
GLOBAL,PWRWONKENXX01,T01KEN,2021,1.9690812190748197
GLOBAL,PWRWONKENXX01,T01KEN,2022,1.96908121907482
GLOBAL,PWRWONKENXX01,T01KEN,2023,1.9690812190748197
GLOBAL,PWRWONKENXX01,T01KEN,2024,1.8167118390273602
GLOBAL,PWRWONKENXX01,T01KEN,2025,1.8167118390273602
GLOBAL,PWRWONKENXX01,T01KEN,2026,1.8167118390273602
GLOBAL,PWRWONKENXX01,T01KEN,2027,1.8167118390273602
GLOBAL,PWRWONKENXX01,T01KEN,2028,1.8167118390273602
GLOBAL,PWRWONKENXX01,T01KEN,2029,1.81671183902736
GLOBAL,PWRWONKENXX01,T01KEN,2030,1.81671183902736
GLOBAL,PWRWONKENXX01,T01KEN,2031,1.8167118390273602
GLOBAL,PWRWONKENXX01,T01KEN,2032,1.8167118390273602
GLOBAL,PWRWONKENXX01,T01KEN,2033,1.8167118390273602
GLOBAL,PWRWONKENXX01,T01KEN,2034,1.81671183902736
GLOBAL,PWRWONKENXX01,T01KEN,2035,1.8167118390273602
GLOBAL,PWRWONKENXX01,T01KEN,2036,1.8167118390273602
GLOBAL,PWRWONKENXX01,T01KEN,2037,1.8167118390273602
GLOBAL,PWRWONKENXX01,T01KEN,2038,1.8167118390273602
GLOBAL,PWRWONKENXX01,T01KEN,2039,1.8167118390273602
GLOBAL,PWRWONKENXX01,T01KEN,2040,1.8167118390273602
GLOBAL,PWRWONKENXX01,T01KEN,2041,1.8167118390273602
GLOBAL,PWRWONKENXX01,T01KEN,2042,1.8167118390273602
GLOBAL,PWRWONKENXX01,T01KEN,2043,1.8167118390273602
GLOBAL,PWRWONKENXX01,T01KEN,2044,1.8167118390273602
GLOBAL,PWRWONKENXX01,T01KEN,2045,1.8167118390273602
GLOBAL,PWRWONKENXX01,T01KEN,2046,1.8167118390273602
GLOBAL,PWRWONKENXX01,T01KEN,2047,1.8167118390273602
GLOBAL,RNWBIOKENXX,BIOKENXX,2021,4.485316083839999
GLOBAL,RNWBIOKENXX,BIOKENXX,2022,4.485316083839998
GLOBAL,RNWBIOKENXX,BIOKENXX,2023,4.485316083839999
GLOBAL,RNWBIOKENXX,BIOKENXX,2024,12.885870772386399
GLOBAL,RNWBIOKENXX,BIOKENXX,2025,14.727306591961042
GLOBAL,RNWBIOKENXX,BIOKENXX,2026,12.784078987399099
GLOBAL,RNWBIOKENXX,BIOKENXX,2027,19.125889366978196
GLOBAL,RNWBIOKENXX,BIOKENXX,2028,21.051785913677477
GLOBAL,RNWBIOKENXX,BIOKENXX,2029,22.92529644934609
GLOBAL,RNWBIOKENXX,BIOKENXX,2030,25.86553651053918
GLOBAL,RNWBIOKENXX,BIOKENXX,2031,25.675652648690356
GLOBAL,RNWBIOKENXX,BIOKENXX,2032,33.38863666211549
GLOBAL,RNWBIOKENXX,BIOKENXX,2033,35.824359629897934
GLOBAL,RNWBIOKENXX,BIOKENXX,2034,38.26008259768035
GLOBAL,RNWBIOKENXX,BIOKENXX,2035,43.64645149651538
GLOBAL,RNWBIOKENXX,BIOKENXX,2036,39.56404749651533
GLOBAL,RNWBIOKENXX,BIOKENXX,2037,54.185841496515465
GLOBAL,RNWBIOKENXX,BIOKENXX,2038,69.03199719806256
GLOBAL,RNWBIOKENXX,BIOKENXX,2039,75.37133820968197
GLOBAL,RNWBIOKENXX,BIOKENXX,2040,81.71712067325865
GLOBAL,RNWBIOKENXX,BIOKENXX,2041,89.43311830615316
GLOBAL,RNWBIOKENXX,BIOKENXX,2042,93.96790048408923
GLOBAL,RNWBIOKENXX,BIOKENXX,2043,98.5091241139823
GLOBAL,RNWBIOKENXX,BIOKENXX,2044,103.05034774387556
GLOBAL,RNWBIOKENXX,BIOKENXX,2045,107.5915713737688
GLOBAL,RNWBIOKENXX,BIOKENXX,2046,113.28581490401793
GLOBAL,RNWBIOKENXX,BIOKENXX,2047,119.04892236822441
GLOBAL,RNWBIOKENXX,BIOKENXX,2048,125.3269268756498
GLOBAL,RNWBIOKENXX,BIOKENXX,2049,131.02117040589886
GLOBAL,RNWBIOKENXX,BIOKENXX,2050,136.71541393614788
GLOBAL,RNWBIOTZAXX,BIOTZAXX,2021,7.671674044740853
GLOBAL,RNWBIOTZAXX,BIOTZAXX,2022,8.961223785348649
GLOBAL,RNWBIOTZAXX,BIOTZAXX,2023,9.236660472459484
GLOBAL,RNWBIOTZAXX,BIOTZAXX,2024,9.236660472459489
GLOBAL,RNWBIOTZAXX,BIOTZAXX,2025,16.225626604735282
GLOBAL,RNWBIOTZAXX,BIOTZAXX,2026,10.103310117004751
GLOBAL,RNWBIOTZAXX,BIOTZAXX,2027,24.92010435066474
GLOBAL,RNWBIOTZAXX,BIOTZAXX,2028,26.009051123121743
GLOBAL,RNWBIOTZAXX,BIOTZAXX,2029,27.153830079791895
GLOBAL,RNWBIOTZAXX,BIOTZAXX,2030,39.297571419306315
GLOBAL,RNWBIOTZAXX,BIOTZAXX,2031,39.249728319318244
GLOBAL,RNWBIOTZAXX,BIOTZAXX,2032,52.924892483070536
GLOBAL,RNWBIOTZAXX,BIOTZAXX,2033,56.03376993865564
GLOBAL,RNWBIOTZAXX,BIOTZAXX,2034,59.13853512247442
GLOBAL,RNWBIOTZAXX,BIOTZAXX,2035,62.24741257805957
GLOBAL,RNWBIOTZAXX,BIOTZAXX,2036,56.85880657805957
GLOBAL,RNWBIOTZAXX,BIOTZAXX,2037,69.540143480545
GLOBAL,RNWBIOTZAXX,BIOTZAXX,2038,70.2773386019052
GLOBAL,RNWBIOTZAXX,BIOTZAXX,2039,73.80824625180857
GLOBAL,RNWBIOTZAXX,BIOTZAXX,2040,77.33915390171194
GLOBAL,RNWBIOTZAXX,BIOTZAXX,2041,81.51097240566243
GLOBAL,RNWBIOTZAXX,BIOTZAXX,2042,85.68279090961266
GLOBAL,RNWBIOTZAXX,BIOTZAXX,2043,89.85460941356342
GLOBAL,RNWBIOTZAXX,BIOTZAXX,2044,94.03035988594347
GLOBAL,RNWBIOTZAXX,BIOTZAXX,2045,98.20217838989394
GLOBAL,RNWBIOTZAXX,BIOTZAXX,2046,103.38058081185731
GLOBAL,RNWBIOTZAXX,BIOTZAXX,2047,108.55898323382017
GLOBAL,RNWBIOTZAXX,BIOTZAXX,2048,113.73738565578324
GLOBAL,RNWBIOTZAXX,BIOTZAXX,2049,118.91185610931652
GLOBAL,RNWBIOTZAXX,BIOTZAXX,2050,124.09025853127928
GLOBAL,RNWGEOKENXX,GEOKENXX,2021,30.431477356613886
GLOBAL,RNWGEOKENXX,GEOKENXX,2022,32.13206832963124
GLOBAL,RNWGEOKENXX,GEOKENXX,2023,32.13206832963123
GLOBAL,RNWGEOKENXX,GEOKENXX,2024,32.13206832963125
GLOBAL,RNWGEOKENXX,GEOKENXX,2025,32.70088739656671
GLOBAL,RNWGEOKENXX,GEOKENXX,2026,32.70088739656671
GLOBAL,RNWGEOKENXX,GEOKENXX,2027,34.58945888557838
GLOBAL,RNWGEOKENXX,GEOKENXX,2028,37.87184153653604
GLOBAL,RNWGEOKENXX,GEOKENXX,2029,41.19434463099185
GLOBAL,RNWGEOKENXX,GEOKENXX,2030,43.91258945043736
GLOBAL,RNWGEOKENXX,GEOKENXX,2031,43.91258945043737
GLOBAL,RNWGEOKENXX,GEOKENXX,2032,45.502891170966244
GLOBAL,RNWGEOKENXX,GEOKENXX,2033,48.90959701935398
GLOBAL,RNWGEOKENXX,GEOKENXX,2034,52.31630286774174
GLOBAL,RNWGEOKENXX,GEOKENXX,2035,54.95080976965441
GLOBAL,RNWGEOKENXX,GEOKENXX,2036,54.950809769654434
GLOBAL,RNWGEOKENXX,GEOKENXX,2037,54.9508097696544
GLOBAL,RNWGEOKENXX,GEOKENXX,2038,55.428832056365444
GLOBAL,RNWGEOKENXX,GEOKENXX,2039,58.10181522366767
GLOBAL,RNWGEOKENXX,GEOKENXX,2040,60.7807396721087
GLOBAL,RNWGEOKENXX,GEOKENXX,2041,64.14733579707845
GLOBAL,RNWGEOKENXX,GEOKENXX,2042,68.32999771878661
GLOBAL,RNWGEOKENXX,GEOKENXX,2043,72.51860092163365
GLOBAL,RNWGEOKENXX,GEOKENXX,2044,76.70720412448061
GLOBAL,RNWGEOKENXX,GEOKENXX,2045,80.89580732732759
GLOBAL,RNWGEOKENXX,GEOKENXX,2046,86.14789985401795
GLOBAL,RNWGEOKENXX,GEOKENXX,2047,91.38567961184714
GLOBAL,RNWGEOKENXX,GEOKENXX,2048,98.21843608922389
GLOBAL,RNWGEOKENXX,GEOKENXX,2049,103.4705286159143
GLOBAL,RNWGEOKENXX,GEOKENXX,2050,108.72262114260471
GLOBAL,RNWGEOTZAXX,GEOTZAXX,2021,21.812990609561922
GLOBAL,RNWGEOTZAXX,GEOTZAXX,2022,24.483086764812597
GLOBAL,RNWGEOTZAXX,GEOTZAXX,2023,28.189019158020816
GLOBAL,RNWGEOTZAXX,GEOTZAXX,2024,55.5156773359491
GLOBAL,RNWGEOTZAXX,GEOTZAXX,2025,58.94167481482868
GLOBAL,RNWGEOTZAXX,GEOTZAXX,2026,58.94167481482869
GLOBAL,RNWGEOTZAXX,GEOTZAXX,2027,59.94976487501737
GLOBAL,RNWGEOTZAXX,GEOTZAXX,2028,65.09271012022225
GLOBAL,RNWGEOTZAXX,GEOTZAXX,2029,70.20483032746415
GLOBAL,RNWGEOTZAXX,GEOTZAXX,2030,72.92526503053982
GLOBAL,RNWGEOTZAXX,GEOTZAXX,2031,72.92526503053982
GLOBAL,RNWGEOTZAXX,GEOTZAXX,2032,76.12375420712517
GLOBAL,RNWGEOTZAXX,GEOTZAXX,2033,81.48350225243597
GLOBAL,RNWGEOTZAXX,GEOTZAXX,2034,86.8361606839301
GLOBAL,RNWGEOTZAXX,GEOTZAXX,2035,92.1959087292409
GLOBAL,RNWGEOTZAXX,GEOTZAXX,2036,92.19590872924088
GLOBAL,RNWGEOTZAXX,GEOTZAXX,2037,95.13337840921992
GLOBAL,RNWGEOTZAXX,GEOTZAXX,2038,101.67500393222723
GLOBAL,RNWGEOTZAXX,GEOTZAXX,2039,107.53021360055564
GLOBAL,RNWGEOTZAXX,GEOTZAXX,2040,113.38542326888404
GLOBAL,RNWGEOTZAXX,GEOTZAXX,2041,120.3034382556284
GLOBAL,RNWGEOTZAXX,GEOTZAXX,2042,127.22145324237282
GLOBAL,RNWGEOTZAXX,GEOTZAXX,2043,134.13946822911709
GLOBAL,RNWGEOTZAXX,GEOTZAXX,2044,141.0640034938886
GLOBAL,RNWGEOTZAXX,GEOTZAXX,2045,147.98201848063297
GLOBAL,RNWGEOTZAXX,GEOTZAXX,2046,156.5692246423127
GLOBAL,RNWGEOTZAXX,GEOTZAXX,2047,165.1564308039926
GLOBAL,RNWGEOTZAXX,GEOTZAXX,2048,173.7436369656724
GLOBAL,RNWGEOTZAXX,GEOTZAXX,2049,182.32432284932514
GLOBAL,RNWGEOTZAXX,GEOTZAXX,2050,190.9115290110051
GLOBAL,RNWHYDKENXX,HYDKENXX,2021,11.1808021765745
GLOBAL,RNWHYDKENXX,HYDKENXX,2022,11.180802176574508
GLOBAL,RNWHYDKENXX,HYDKENXX,2023,11.180802176574495
GLOBAL,RNWHYDKENXX,HYDKENXX,2024,11.180802176574497
GLOBAL,RNWHYDKENXX,HYDKENXX,2025,11.180802176574495
GLOBAL,RNWHYDKENXX,HYDKENXX,2026,11.180802176574499
GLOBAL,RNWHYDKENXX,HYDKENXX,2027,11.180802176574497
GLOBAL,RNWHYDKENXX,HYDKENXX,2028,11.180802176574499
GLOBAL,RNWHYDKENXX,HYDKENXX,2029,11.180802176574499
GLOBAL,RNWHYDKENXX,HYDKENXX,2030,11.180802176574497
GLOBAL,RNWHYDKENXX,HYDKENXX,2031,11.180802176574497
GLOBAL,RNWHYDKENXX,HYDKENXX,2032,11.180802176574497
GLOBAL,RNWHYDKENXX,HYDKENXX,2033,11.180802176574497
GLOBAL,RNWHYDKENXX,HYDKENXX,2034,11.180802176574497
GLOBAL,RNWHYDKENXX,HYDKENXX,2035,11.180802176574497
GLOBAL,RNWHYDKENXX,HYDKENXX,2036,11.180802176574497
GLOBAL,RNWHYDKENXX,HYDKENXX,2037,11.180802176574497
GLOBAL,RNWHYDKENXX,HYDKENXX,2038,11.180802176574497
GLOBAL,RNWHYDKENXX,HYDKENXX,2039,11.180802176574497
GLOBAL,RNWHYDKENXX,HYDKENXX,2040,11.180802176574497
GLOBAL,RNWHYDKENXX,HYDKENXX,2041,11.180802176574497
GLOBAL,RNWHYDKENXX,HYDKENXX,2042,11.180802176574497
GLOBAL,RNWHYDKENXX,HYDKENXX,2043,11.180802176574497
GLOBAL,RNWHYDKENXX,HYDKENXX,2044,11.180802176574497
GLOBAL,RNWHYDKENXX,HYDKENXX,2045,11.180802176574499
GLOBAL,RNWHYDKENXX,HYDKENXX,2046,11.180802176574499
GLOBAL,RNWHYDKENXX,HYDKENXX,2047,11.180802176574497
GLOBAL,RNWHYDKENXX,HYDKENXX,2048,11.180802176574497
GLOBAL,RNWHYDKENXX,HYDKENXX,2049,11.180802176574497
GLOBAL,RNWHYDKENXX,HYDKENXX,2050,11.180802176574497
GLOBAL,RNWHYDTZAXX,HYDTZAXX,2021,7.46508670612531
GLOBAL,RNWHYDTZAXX,HYDTZAXX,2022,7.46508670612531
GLOBAL,RNWHYDTZAXX,HYDTZAXX,2023,7.46508670612531
GLOBAL,RNWHYDTZAXX,HYDTZAXX,2024,7.46508670612531
GLOBAL,RNWHYDTZAXX,HYDTZAXX,2025,7.46508670612531
GLOBAL,RNWHYDTZAXX,HYDTZAXX,2026,7.46508670612531
GLOBAL,RNWHYDTZAXX,HYDTZAXX,2027,7.46508670612531
GLOBAL,RNWHYDTZAXX,HYDTZAXX,2028,7.465086706125311
GLOBAL,RNWHYDTZAXX,HYDTZAXX,2029,7.465086706125311
GLOBAL,RNWHYDTZAXX,HYDTZAXX,2030,7.46508670612531
GLOBAL,RNWHYDTZAXX,HYDTZAXX,2031,7.465086706125311
GLOBAL,RNWHYDTZAXX,HYDTZAXX,2032,7.46508670612531
GLOBAL,RNWHYDTZAXX,HYDTZAXX,2033,7.46508670612531
GLOBAL,RNWHYDTZAXX,HYDTZAXX,2034,7.46508670612531
GLOBAL,RNWHYDTZAXX,HYDTZAXX,2035,7.46508670612531
GLOBAL,RNWHYDTZAXX,HYDTZAXX,2036,7.465086706125311
GLOBAL,RNWHYDTZAXX,HYDTZAXX,2037,7.465086706125311
GLOBAL,RNWHYDTZAXX,HYDTZAXX,2038,7.465086706125311
GLOBAL,RNWHYDTZAXX,HYDTZAXX,2039,7.46508670612531
GLOBAL,RNWHYDTZAXX,HYDTZAXX,2040,7.465086706125311
GLOBAL,RNWHYDTZAXX,HYDTZAXX,2041,7.465086706125311
GLOBAL,RNWHYDTZAXX,HYDTZAXX,2042,7.465086706125311
GLOBAL,RNWHYDTZAXX,HYDTZAXX,2043,7.465086706125311
GLOBAL,RNWHYDTZAXX,HYDTZAXX,2044,7.465086706125311
GLOBAL,RNWHYDTZAXX,HYDTZAXX,2045,7.46508670612531
GLOBAL,RNWHYDTZAXX,HYDTZAXX,2046,7.465086706125311
GLOBAL,RNWHYDTZAXX,HYDTZAXX,2047,7.465086706125311
GLOBAL,RNWHYDTZAXX,HYDTZAXX,2048,7.465086706125311
GLOBAL,RNWHYDTZAXX,HYDTZAXX,2049,7.465086706125311
GLOBAL,RNWHYDTZAXX,HYDTZAXX,2050,7.465086706125311
GLOBAL,RNWSPVKENXX,SPVKENXX,2021,0.48509240072832
GLOBAL,RNWSPVKENXX,SPVKENXX,2022,0.7055889465139201
GLOBAL,RNWSPVKENXX,SPVKENXX,2023,0.6615361734673767
GLOBAL,RNWSPVKENXX,SPVKENXX,2024,0.8158372194067199
GLOBAL,RNWSPVKENXX,SPVKENXX,2025,0.8158372194067199
GLOBAL,RNWSPVKENXX,SPVKENXX,2026,5.469
GLOBAL,RNWSPVKENXX,SPVKENXX,2027,5.895
GLOBAL,RNWSPVKENXX,SPVKENXX,2028,6.320999999999999
GLOBAL,RNWSPVKENXX,SPVKENXX,2029,6.747999999999997
GLOBAL,RNWSPVKENXX,SPVKENXX,2030,7.174000000000002
GLOBAL,RNWSPVKENXX,SPVKENXX,2031,11.496
GLOBAL,RNWSPVKENXX,SPVKENXX,2032,12.232500000000002
GLOBAL,RNWSPVKENXX,SPVKENXX,2033,12.968999999999998
GLOBAL,RNWSPVKENXX,SPVKENXX,2034,13.7055
GLOBAL,RNWSPVKENXX,SPVKENXX,2035,14.4405
GLOBAL,RNWSPVKENXX,SPVKENXX,2036,20.389999999999993
GLOBAL,RNWSPVKENXX,SPVKENXX,2037,21.523999999999997
GLOBAL,RNWSPVKENXX,SPVKENXX,2038,22.659999999999997
GLOBAL,RNWSPVKENXX,SPVKENXX,2039,23.794
GLOBAL,RNWSPVKENXX,SPVKENXX,2040,24.929999999999993
GLOBAL,RNWSPVKENXX,SPVKENXX,2041,26.339999999999996
GLOBAL,RNWSPVKENXX,SPVKENXX,2042,27.748
GLOBAL,RNWSPVKENXX,SPVKENXX,2043,29.158
GLOBAL,RNWSPVKENXX,SPVKENXX,2044,30.567999999999998
GLOBAL,RNWSPVKENXX,SPVKENXX,2045,31.977999999999998
GLOBAL,RNWSPVKENXX,SPVKENXX,2046,33.746
GLOBAL,RNWSPVKENXX,SPVKENXX,2047,35.51599999999999
GLOBAL,RNWSPVKENXX,SPVKENXX,2048,37.284
GLOBAL,RNWSPVKENXX,SPVKENXX,2049,39.05199999999999
GLOBAL,RNWSPVKENXX,SPVKENXX,2050,40.82
GLOBAL,RNWSPVTZAXX,SPVTZAXX,2026,7.915
GLOBAL,RNWSPVTZAXX,SPVTZAXX,2027,8.538999999999998
GLOBAL,RNWSPVTZAXX,SPVTZAXX,2028,9.164
GLOBAL,RNWSPVTZAXX,SPVTZAXX,2029,9.789000000000001
GLOBAL,RNWSPVTZAXX,SPVTZAXX,2030,10.413999999999998
GLOBAL,RNWSPVTZAXX,SPVTZAXX,2031,16.7535
GLOBAL,RNWSPVTZAXX,SPVTZAXX,2032,17.887499999999996
GLOBAL,RNWSPVTZAXX,SPVTZAXX,2033,19.0215
GLOBAL,RNWSPVTZAXX,SPVTZAXX,2034,20.154
GLOBAL,RNWSPVTZAXX,SPVTZAXX,2035,21.288
GLOBAL,RNWSPVTZAXX,SPVTZAXX,2036,30.180000000000007
GLOBAL,RNWSPVTZAXX,SPVTZAXX,2037,31.973999999999997
GLOBAL,RNWSPVTZAXX,SPVTZAXX,2038,33.77
GLOBAL,RNWSPVTZAXX,SPVTZAXX,2039,35.565999999999995
GLOBAL,RNWSPVTZAXX,SPVTZAXX,2040,37.362
GLOBAL,RNWSPVTZAXX,SPVTZAXX,2041,39.48399999999999
GLOBAL,RNWSPVTZAXX,SPVTZAXX,2042,41.605999999999995
GLOBAL,RNWSPVTZAXX,SPVTZAXX,2043,43.728
GLOBAL,RNWSPVTZAXX,SPVTZAXX,2044,45.85199999999998
GLOBAL,RNWSPVTZAXX,SPVTZAXX,2045,47.97399999999998
GLOBAL,RNWSPVTZAXX,SPVTZAXX,2046,50.60799999999999
GLOBAL,RNWSPVTZAXX,SPVTZAXX,2047,53.24199999999999
GLOBAL,RNWSPVTZAXX,SPVTZAXX,2048,55.876
GLOBAL,RNWSPVTZAXX,SPVTZAXX,2049,58.508
GLOBAL,RNWSPVTZAXX,SPVTZAXX,2050,61.142
GLOBAL,RNWWONKENXX,WONKENXX,2021,1.9690812190748197
GLOBAL,RNWWONKENXX,WONKENXX,2022,1.96908121907482
GLOBAL,RNWWONKENXX,WONKENXX,2023,1.9690812190748197
GLOBAL,RNWWONKENXX,WONKENXX,2024,1.8167118390273602
GLOBAL,RNWWONKENXX,WONKENXX,2025,1.8167118390273602
GLOBAL,RNWWONKENXX,WONKENXX,2026,1.8167118390273602
GLOBAL,RNWWONKENXX,WONKENXX,2027,1.8167118390273602
GLOBAL,RNWWONKENXX,WONKENXX,2028,1.8167118390273602
GLOBAL,RNWWONKENXX,WONKENXX,2029,1.81671183902736
GLOBAL,RNWWONKENXX,WONKENXX,2030,1.81671183902736
GLOBAL,RNWWONKENXX,WONKENXX,2031,1.8167118390273602
GLOBAL,RNWWONKENXX,WONKENXX,2032,1.8167118390273602
GLOBAL,RNWWONKENXX,WONKENXX,2033,1.8167118390273602
GLOBAL,RNWWONKENXX,WONKENXX,2034,1.81671183902736
GLOBAL,RNWWONKENXX,WONKENXX,2035,1.8167118390273602
GLOBAL,RNWWONKENXX,WONKENXX,2036,1.8167118390273602
GLOBAL,RNWWONKENXX,WONKENXX,2037,1.8167118390273602
GLOBAL,RNWWONKENXX,WONKENXX,2038,1.8167118390273602
GLOBAL,RNWWONKENXX,WONKENXX,2039,1.8167118390273602
GLOBAL,RNWWONKENXX,WONKENXX,2040,1.8167118390273602
GLOBAL,RNWWONKENXX,WONKENXX,2041,1.8167118390273602
GLOBAL,RNWWONKENXX,WONKENXX,2042,1.8167118390273602
GLOBAL,RNWWONKENXX,WONKENXX,2043,1.8167118390273602
GLOBAL,RNWWONKENXX,WONKENXX,2044,1.8167118390273602
GLOBAL,RNWWONKENXX,WONKENXX,2045,1.8167118390273602
GLOBAL,RNWWONKENXX,WONKENXX,2046,1.8167118390273602
GLOBAL,RNWWONKENXX,WONKENXX,2047,1.8167118390273602
GLOBAL,TRNKENXXTZAXX,ELCKENXX01,2021,0.3731513738049866
GLOBAL,TRNKENXXTZAXX,ELCKENXX01,2022,0.4313882724660259
GLOBAL,TRNKENXXTZAXX,ELCKENXX01,2031,0.2985136901554736
GLOBAL,TRNKENXXTZAXX,ELCKENXX01,2032,0.2965542875973759
GLOBAL,TRNKENXXTZAXX,ELCKENXX01,2033,0.2945948850392759
GLOBAL,TRNKENXXTZAXX,ELCKENXX01,2034,0.29263548248117277
GLOBAL,TRNKENXXTZAXX,ELCKENXX01,2035,0.17744414223230082
GLOBAL,TRNKENXXTZAXX,ELCKENXX01,2036,1.0919081196439229
GLOBAL,TRNKENXXTZAXX,ELCKENXX01,2037,1.0007581196439186
GLOBAL,TRNKENXXTZAXX,ELCKENXX01,2038,0.37904154118574296
GLOBAL,TRNKENXXTZAXX,ELCKENXX01,2039,0.28456982428984673
GLOBAL,TRNKENXXTZAXX,ELCKENXX01,2040,0.19011305401316872
GLOBAL,TRNKENXXTZAXX,ELCKENXX01,2041,0.07901769957959147
GLOBAL,TRNKENXXTZAXX,ELCKENXX01,2042,0.08954011950841602
GLOBAL,TRNKENXXTZAXX,ELCKENXX01,2043,0.1000774860564575
GLOBAL,TRNKENXXTZAXX,ELCKENXX01,2044,0.11061485260449988
GLOBAL,TRNKENXXTZAXX,ELCKENXX01,2045,0.12115221915254536
GLOBAL,TRNKENXXTZAXX,ELCKENXX01,2046,0.13436503054044205
GLOBAL,TRNKENXXTZAXX,ELCKENXX01,2047,0.1475927885475592
GLOBAL,TRNKENXXTZAXX,ELCKENXX01,2048,0.1895209191802607
GLOBAL,TRNKENXXTZAXX,ELCKENXX01,2049,0.2027337305681591
GLOBAL,TRNKENXXTZAXX,ELCKENXX01,2050,0.21594654195606203
GLOBAL,TRNKENXXTZAXX,ELCTZAXX01,2021,0.05797783772393501
GLOBAL,TRNKENXXTZAXX,ELCTZAXX01,2022,0.05797783772393501
GLOBAL,TRNKENXXTZAXX,ELCTZAXX01,2023,0.4893661101899609
GLOBAL,TRNKENXXTZAXX,ELCTZAXX01,2024,0.9856870541095448
GLOBAL,TRNKENXXTZAXX,ELCTZAXX01,2025,0.7173689164463858
GLOBAL,TRNKENXXTZAXX,ELCTZAXX01,2026,0.5045213064666779
GLOBAL,TRNKENXXTZAXX,ELCTZAXX01,2027,0.5628918075199478
GLOBAL,TRNKENXXTZAXX,ELCTZAXX01,2028,0.6186310414112008
GLOBAL,TRNKENXXTZAXX,ELCTZAXX01,2029,0.6883838077150819
GLOBAL,TRNKENXXTZAXX,ELCTZAXX01,2030,0.5099792434116188
GLOBAL,TRNKENXXTZAXX,ELCTZAXX01,2031,0.1824359983647148
GLOBAL,TRNKENXXTZAXX,ELCTZAXX01,2032,0.04334712971173033
GLOBAL,TRNKENXXTZAXX,ELCTZAXX01,2033,0.04531759130238123
GLOBAL,TRNKENXXTZAXX,ELCTZAXX01,2034,0.047288052893032145
GLOBAL,TRNKENXXTZAXX,ELCTZAXX01,2035,0.10400931008661184
GLOBAL,TRNKENXXTZAXX,ELCTZAXX01,2038,0.01007584846157608
GLOBAL,TRNKENXXTZAXX,ELCTZAXX01,2039,0.05693863914285321
GLOBAL,TRNKENXXTZAXX,ELCTZAXX01,2040,0.10379628594512978
GLOBAL,TRNKENXXTZAXX,ELCTZAXX01,2041,0.15898489762952578
GLOBAL,TRNKENXXTZAXX,ELCTZAXX01,2042,0.15536360681102052
GLOBAL,TRNKENXXTZAXX,ELCTZAXX01,2043,0.15173717211351376
GLOBAL,TRNKENXXTZAXX,ELCTZAXX01,2044,0.14811073741600703
GLOBAL,TRNKENXXTZAXX,ELCTZAXX01,2045,0.14448430271849344
GLOBAL,TRNKENXXTZAXX,ELCTZAXX01,2046,0.13993711367935113
GLOBAL,TRNKENXXTZAXX,ELCTZAXX01,2047,0.1353847807612014
GLOBAL,TRNKENXXTZAXX,ELCTZAXX01,2048,0.10906162732079086
GLOBAL,TRNKENXXTZAXX,ELCTZAXX01,2049,0.10451443828164685
GLOBAL,TRNKENXXTZAXX,ELCTZAXX01,2050,0.0999672492424977
