YEAR,MONTH,HOUR,NODE_1,NODE_2,VALUE
2021,1,1.0,KENXX,TZAXX,-0.01
2022,1,1.0,KENXX,TZAXX,-0.01
2023,1,1.0,KENXX,TZAXX,0.01
2021,1,2.0,KENXX,TZAXX,-0.01
2022,1,2.0,KENXX,TZAXX,-0.01
2023,1,2.0,KENXX,TZAXX,0.01
2021,1,3.0,KENXX,TZAXX,-0.01
2022,1,3.0,KENXX,TZAXX,-0.01
2023,1,3.0,KENXX,TZAXX,0.01
2021,1,4.0,KENXX,TZAXX,-0.02
2022,1,4.0,KENXX,TZAXX,-0.02
2023,1,4.0,KENXX,TZAXX,0.02
2030,1,4.0,KENXX,TZAXX,-0.28
2021,1,5.0,KENXX,TZAXX,-0.02
2022,1,5.0,KENXX,TZAXX,-0.02
2023,1,5.0,KENXX,TZAXX,0.02
2030,1,5.0,KENXX,TZAXX,-0.28
2021,1,6.0,KENXX,TZAXX,-0.02
2022,1,6.0,KENXX,TZAXX,-0.02
2023,1,6.0,KENXX,TZAXX,0.02
2030,1,6.0,KENXX,TZAXX,-0.28
2021,1,7.0,KENXX,TZAXX,-0.02
2022,1,7.0,KENXX,TZAXX,-0.02
2023,1,7.0,KENXX,TZAXX,0.02
2030,1,7.0,KENXX,TZAXX,-0.28
2021,1,8.0,KENXX,TZAXX,-0.02
2022,1,8.0,KENXX,TZAXX,-0.02
2023,1,8.0,KENXX,TZAXX,0.02
2030,1,8.0,KENXX,TZAXX,-0.28
2021,1,9.0,KENXX,TZAXX,-0.02
2022,1,9.0,KENXX,TZAXX,-0.02
2023,1,9.0,KENXX,TZAXX,0.02
2030,1,9.0,KENXX,TZAXX,-0.28
2021,1,10.0,KENXX,TZAXX,-0.02
2022,1,10.0,KENXX,TZAXX,-0.02
2023,1,10.0,KENXX,TZAXX,0.02
2030,1,10.0,KENXX,TZAXX,-0.28
2021,1,11.0,KENXX,TZAXX,-0.02
2022,1,11.0,KENXX,TZAXX,-0.02
2023,1,11.0,KENXX,TZAXX,0.02
2030,1,11.0,KENXX,TZAXX,-0.28
2021,1,12.0,KENXX,TZAXX,-0.02
2022,1,12.0,KENXX,TZAXX,-0.02
2023,1,12.0,KENXX,TZAXX,0.02
2026,1,12.0,KENXX,TZAXX,-0.12
2027,1,12.0,KENXX,TZAXX,-0.18
2021,1,13.0,KENXX,TZAXX,-0.02
2022,1,13.0,KENXX,TZAXX,-0.02
2023,1,13.0,KENXX,TZAXX,0.02
2026,1,13.0,KENXX,TZAXX,-0.12
2027,1,13.0,KENXX,TZAXX,-0.18
2021,1,14.0,KENXX,TZAXX,-0.02
2022,1,14.0,KENXX,TZAXX,-0.02
2023,1,14.0,KENXX,TZAXX,0.02
2026,1,14.0,KENXX,TZAXX,-0.12
2027,1,14.0,KENXX,TZAXX,-0.18
2021,1,15.0,KENXX,TZAXX,-0.02
2022,1,15.0,KENXX,TZAXX,-0.02
2023,1,15.0,KENXX,TZAXX,0.02
2026,1,15.0,KENXX,TZAXX,-0.12
2027,1,15.0,KENXX,TZAXX,-0.18
2021,1,16.0,KENXX,TZAXX,-0.02
2022,1,16.0,KENXX,TZAXX,-0.02
2023,1,16.0,KENXX,TZAXX,0.02
2026,1,16.0,KENXX,TZAXX,-0.12
2027,1,16.0,KENXX,TZAXX,-0.18
2021,1,17.0,KENXX,TZAXX,-0.02
2022,1,17.0,KENXX,TZAXX,-0.02
2023,1,17.0,KENXX,TZAXX,0.02
2026,1,17.0,KENXX,TZAXX,-0.12
2027,1,17.0,KENXX,TZAXX,-0.18
2021,1,18.0,KENXX,TZAXX,-0.02
2022,1,18.0,KENXX,TZAXX,-0.02
2023,1,18.0,KENXX,TZAXX,0.02
2026,1,18.0,KENXX,TZAXX,-0.12
2027,1,18.0,KENXX,TZAXX,-0.18
2021,1,19.0,KENXX,TZAXX,-0.02
2022,1,19.0,KENXX,TZAXX,-0.02
2023,1,19.0,KENXX,TZAXX,0.02
2026,1,19.0,KENXX,TZAXX,-0.12
2027,1,19.0,KENXX,TZAXX,-0.18
2021,1,20.0,KENXX,TZAXX,-0.01
2022,1,20.0,KENXX,TZAXX,-0.01
2023,1,20.0,KENXX,TZAXX,0.01
2021,1,21.0,KENXX,TZAXX,-0.01
2022,1,21.0,KENXX,TZAXX,-0.01
2023,1,21.0,KENXX,TZAXX,0.01
2021,1,22.0,KENXX,TZAXX,-0.01
2022,1,22.0,KENXX,TZAXX,-0.01
2023,1,22.0,KENXX,TZAXX,0.01
2021,1,23.0,KENXX,TZAXX,-0.01
2022,1,23.0,KENXX,TZAXX,-0.01
2023,1,23.0,KENXX,TZAXX,0.01
2021,1,24.0,KENXX,TZAXX,-0.01
2022,1,24.0,KENXX,TZAXX,-0.01
2023,1,24.0,KENXX,TZAXX,0.01
2021,2,1.0,KENXX,TZAXX,-0.01
2022,2,1.0,KENXX,TZAXX,-0.01
2023,2,1.0,KENXX,TZAXX,0.01
2021,2,2.0,KENXX,TZAXX,-0.01
2022,2,2.0,KENXX,TZAXX,-0.01
2023,2,2.0,KENXX,TZAXX,0.01
2021,2,3.0,KENXX,TZAXX,-0.01
2022,2,3.0,KENXX,TZAXX,-0.01
2023,2,3.0,KENXX,TZAXX,0.01
2021,2,4.0,KENXX,TZAXX,-0.02
2022,2,4.0,KENXX,TZAXX,-0.02
2023,2,4.0,KENXX,TZAXX,0.02
2030,2,4.0,KENXX,TZAXX,-0.28
2021,2,5.0,KENXX,TZAXX,-0.02
2022,2,5.0,KENXX,TZAXX,-0.02
2023,2,5.0,KENXX,TZAXX,0.02
2030,2,5.0,KENXX,TZAXX,-0.28
2021,2,6.0,KENXX,TZAXX,-0.02
2022,2,6.0,KENXX,TZAXX,-0.02
2023,2,6.0,KENXX,TZAXX,0.02
2030,2,6.0,KENXX,TZAXX,-0.28
2021,2,7.0,KENXX,TZAXX,-0.02
2022,2,7.0,KENXX,TZAXX,-0.02
2023,2,7.0,KENXX,TZAXX,0.02
2030,2,7.0,KENXX,TZAXX,-0.28
2021,2,8.0,KENXX,TZAXX,-0.02
2022,2,8.0,KENXX,TZAXX,-0.02
2023,2,8.0,KENXX,TZAXX,0.02
2030,2,8.0,KENXX,TZAXX,-0.28
2021,2,9.0,KENXX,TZAXX,-0.02
2022,2,9.0,KENXX,TZAXX,-0.02
2023,2,9.0,KENXX,TZAXX,0.02
2030,2,9.0,KENXX,TZAXX,-0.28
2021,2,10.0,KENXX,TZAXX,-0.02
2022,2,10.0,KENXX,TZAXX,-0.02
2023,2,10.0,KENXX,TZAXX,0.02
2030,2,10.0,KENXX,TZAXX,-0.28
2021,2,11.0,KENXX,TZAXX,-0.02
2022,2,11.0,KENXX,TZAXX,-0.02
2023,2,11.0,KENXX,TZAXX,0.02
2030,2,11.0,KENXX,TZAXX,-0.28
2021,2,12.0,KENXX,TZAXX,-0.02
2022,2,12.0,KENXX,TZAXX,-0.02
2023,2,12.0,KENXX,TZAXX,0.02
2026,2,12.0,KENXX,TZAXX,-0.12
2027,2,12.0,KENXX,TZAXX,-0.18
2021,2,13.0,KENXX,TZAXX,-0.02
2022,2,13.0,KENXX,TZAXX,-0.02
2023,2,13.0,KENXX,TZAXX,0.02
2026,2,13.0,KENXX,TZAXX,-0.12
2027,2,13.0,KENXX,TZAXX,-0.18
2021,2,14.0,KENXX,TZAXX,-0.02
2022,2,14.0,KENXX,TZAXX,-0.02
2023,2,14.0,KENXX,TZAXX,0.02
2026,2,14.0,KENXX,TZAXX,-0.12
2027,2,14.0,KENXX,TZAXX,-0.18
2021,2,15.0,KENXX,TZAXX,-0.02
2022,2,15.0,KENXX,TZAXX,-0.02
2023,2,15.0,KENXX,TZAXX,0.02
2026,2,15.0,KENXX,TZAXX,-0.12
2027,2,15.0,KENXX,TZAXX,-0.18
2021,2,16.0,KENXX,TZAXX,-0.02
2022,2,16.0,KENXX,TZAXX,-0.02
2023,2,16.0,KENXX,TZAXX,0.02
2026,2,16.0,KENXX,TZAXX,-0.12
2027,2,16.0,KENXX,TZAXX,-0.18
2021,2,17.0,KENXX,TZAXX,-0.02
2022,2,17.0,KENXX,TZAXX,-0.02
2023,2,17.0,KENXX,TZAXX,0.02
2026,2,17.0,KENXX,TZAXX,-0.12
2027,2,17.0,KENXX,TZAXX,-0.18
2021,2,18.0,KENXX,TZAXX,-0.02
2022,2,18.0,KENXX,TZAXX,-0.02
2023,2,18.0,KENXX,TZAXX,0.02
2026,2,18.0,KENXX,TZAXX,-0.12
2027,2,18.0,KENXX,TZAXX,-0.18
2021,2,19.0,KENXX,TZAXX,-0.02
2022,2,19.0,KENXX,TZAXX,-0.02
2023,2,19.0,KENXX,TZAXX,0.02
2026,2,19.0,KENXX,TZAXX,-0.12
2027,2,19.0,KENXX,TZAXX,-0.18
2021,2,20.0,KENXX,TZAXX,-0.01
2022,2,20.0,KENXX,TZAXX,-0.01
2023,2,20.0,KENXX,TZAXX,0.01
2021,2,21.0,KENXX,TZAXX,-0.01
2022,2,21.0,KENXX,TZAXX,-0.01
2023,2,21.0,KENXX,TZAXX,0.01
2021,2,22.0,KENXX,TZAXX,-0.01
2022,2,22.0,KENXX,TZAXX,-0.01
2023,2,22.0,KENXX,TZAXX,0.01
2021,2,23.0,KENXX,TZAXX,-0.01
2022,2,23.0,KENXX,TZAXX,-0.01
2023,2,23.0,KENXX,TZAXX,0.01
2021,2,24.0,KENXX,TZAXX,-0.01
2022,2,24.0,KENXX,TZAXX,-0.01
2023,2,24.0,KENXX,TZAXX,0.01
2021,3,1.0,KENXX,TZAXX,-0.01
2022,3,1.0,KENXX,TZAXX,-0.01
2023,3,1.0,KENXX,TZAXX,0.01
2021,3,2.0,KENXX,TZAXX,-0.01
2022,3,2.0,KENXX,TZAXX,-0.01
2023,3,2.0,KENXX,TZAXX,0.01
2021,3,3.0,KENXX,TZAXX,-0.01
2022,3,3.0,KENXX,TZAXX,-0.01
2023,3,3.0,KENXX,TZAXX,0.01
2021,3,4.0,KENXX,TZAXX,-0.02
2022,3,4.0,KENXX,TZAXX,-0.02
2023,3,4.0,KENXX,TZAXX,0.02
2030,3,4.0,KENXX,TZAXX,-0.28
2021,3,5.0,KENXX,TZAXX,-0.02
2022,3,5.0,KENXX,TZAXX,-0.02
2023,3,5.0,KENXX,TZAXX,0.02
2030,3,5.0,KENXX,TZAXX,-0.28
2021,3,6.0,KENXX,TZAXX,-0.02
2022,3,6.0,KENXX,TZAXX,-0.02
2023,3,6.0,KENXX,TZAXX,0.02
2030,3,6.0,KENXX,TZAXX,-0.28
2021,3,7.0,KENXX,TZAXX,-0.02
2022,3,7.0,KENXX,TZAXX,-0.02
2023,3,7.0,KENXX,TZAXX,0.02
2030,3,7.0,KENXX,TZAXX,-0.28
2021,3,8.0,KENXX,TZAXX,-0.02
2022,3,8.0,KENXX,TZAXX,-0.02
2023,3,8.0,KENXX,TZAXX,0.02
2030,3,8.0,KENXX,TZAXX,-0.28
2021,3,9.0,KENXX,TZAXX,-0.02
2022,3,9.0,KENXX,TZAXX,-0.02
2023,3,9.0,KENXX,TZAXX,0.02
2030,3,9.0,KENXX,TZAXX,-0.28
2021,3,10.0,KENXX,TZAXX,-0.02
2022,3,10.0,KENXX,TZAXX,-0.02
2023,3,10.0,KENXX,TZAXX,0.02
2030,3,10.0,KENXX,TZAXX,-0.28
2021,3,11.0,KENXX,TZAXX,-0.02
2022,3,11.0,KENXX,TZAXX,-0.02
2023,3,11.0,KENXX,TZAXX,0.02
2030,3,11.0,KENXX,TZAXX,-0.28
2021,3,12.0,KENXX,TZAXX,-0.02
2022,3,12.0,KENXX,TZAXX,-0.02
2023,3,12.0,KENXX,TZAXX,0.02
2026,3,12.0,KENXX,TZAXX,-0.12
2027,3,12.0,KENXX,TZAXX,-0.18
2021,3,13.0,KENXX,TZAXX,-0.02
2022,3,13.0,KENXX,TZAXX,-0.02
2023,3,13.0,KENXX,TZAXX,0.02
2026,3,13.0,KENXX,TZAXX,-0.12
2027,3,13.0,KENXX,TZAXX,-0.18
2021,3,14.0,KENXX,TZAXX,-0.02
2022,3,14.0,KENXX,TZAXX,-0.02
2023,3,14.0,KENXX,TZAXX,0.02
2026,3,14.0,KENXX,TZAXX,-0.12
2027,3,14.0,KENXX,TZAXX,-0.18
2021,3,15.0,KENXX,TZAXX,-0.02
2022,3,15.0,KENXX,TZAXX,-0.02
2023,3,15.0,KENXX,TZAXX,0.02
2026,3,15.0,KENXX,TZAXX,-0.12
2027,3,15.0,KENXX,TZAXX,-0.18
2021,3,16.0,KENXX,TZAXX,-0.02
2022,3,16.0,KENXX,TZAXX,-0.02
2023,3,16.0,KENXX,TZAXX,0.02
2026,3,16.0,KENXX,TZAXX,-0.12
2027,3,16.0,KENXX,TZAXX,-0.18
2021,3,17.0,KENXX,TZAXX,-0.02
2022,3,17.0,KENXX,TZAXX,-0.02
2023,3,17.0,KENXX,TZAXX,0.02
2026,3,17.0,KENXX,TZAXX,-0.12
2027,3,17.0,KENXX,TZAXX,-0.18
2021,3,18.0,KENXX,TZAXX,-0.02
2022,3,18.0,KENXX,TZAXX,-0.02
2023,3,18.0,KENXX,TZAXX,0.02
2026,3,18.0,KENXX,TZAXX,-0.12
2027,3,18.0,KENXX,TZAXX,-0.18
2021,3,19.0,KENXX,TZAXX,-0.02
2022,3,19.0,KENXX,TZAXX,-0.02
2023,3,19.0,KENXX,TZAXX,0.02
2026,3,19.0,KENXX,TZAXX,-0.12
2027,3,19.0,KENXX,TZAXX,-0.18
2021,3,20.0,KENXX,TZAXX,-0.01
2022,3,20.0,KENXX,TZAXX,-0.01
2023,3,20.0,KENXX,TZAXX,0.01
2021,3,21.0,KENXX,TZAXX,-0.01
2022,3,21.0,KENXX,TZAXX,-0.01
2023,3,21.0,KENXX,TZAXX,0.01
2021,3,22.0,KENXX,TZAXX,-0.01
2022,3,22.0,KENXX,TZAXX,-0.01
2023,3,22.0,KENXX,TZAXX,0.01
2021,3,23.0,KENXX,TZAXX,-0.01
2022,3,23.0,KENXX,TZAXX,-0.01
2023,3,23.0,KENXX,TZAXX,0.01
2021,3,24.0,KENXX,TZAXX,-0.01
2022,3,24.0,KENXX,TZAXX,-0.01
2023,3,24.0,KENXX,TZAXX,0.01
2021,4,1.0,KENXX,TZAXX,-0.01
2022,4,1.0,KENXX,TZAXX,-0.01
2023,4,1.0,KENXX,TZAXX,0.01
2021,4,2.0,KENXX,TZAXX,-0.01
2022,4,2.0,KENXX,TZAXX,-0.01
2023,4,2.0,KENXX,TZAXX,0.01
2021,4,3.0,KENXX,TZAXX,-0.01
2022,4,3.0,KENXX,TZAXX,-0.01
2023,4,3.0,KENXX,TZAXX,0.01
2021,4,4.0,KENXX,TZAXX,-0.02
2022,4,4.0,KENXX,TZAXX,-0.02
2023,4,4.0,KENXX,TZAXX,0.02
2030,4,4.0,KENXX,TZAXX,-0.28
2021,4,5.0,KENXX,TZAXX,-0.02
2022,4,5.0,KENXX,TZAXX,-0.02
2023,4,5.0,KENXX,TZAXX,0.02
2030,4,5.0,KENXX,TZAXX,-0.28
2021,4,6.0,KENXX,TZAXX,-0.02
2022,4,6.0,KENXX,TZAXX,-0.02
2023,4,6.0,KENXX,TZAXX,0.02
2030,4,6.0,KENXX,TZAXX,-0.28
2021,4,7.0,KENXX,TZAXX,-0.02
2022,4,7.0,KENXX,TZAXX,-0.02
2023,4,7.0,KENXX,TZAXX,0.02
2030,4,7.0,KENXX,TZAXX,-0.28
2021,4,8.0,KENXX,TZAXX,-0.02
2022,4,8.0,KENXX,TZAXX,-0.02
2023,4,8.0,KENXX,TZAXX,0.02
2030,4,8.0,KENXX,TZAXX,-0.28
2021,4,9.0,KENXX,TZAXX,-0.02
2022,4,9.0,KENXX,TZAXX,-0.02
2023,4,9.0,KENXX,TZAXX,0.02
2030,4,9.0,KENXX,TZAXX,-0.28
2021,4,10.0,KENXX,TZAXX,-0.02
2022,4,10.0,KENXX,TZAXX,-0.02
2023,4,10.0,KENXX,TZAXX,0.02
2030,4,10.0,KENXX,TZAXX,-0.28
2021,4,11.0,KENXX,TZAXX,-0.02
2022,4,11.0,KENXX,TZAXX,-0.02
2023,4,11.0,KENXX,TZAXX,0.02
2030,4,11.0,KENXX,TZAXX,-0.28
2021,4,12.0,KENXX,TZAXX,-0.02
2022,4,12.0,KENXX,TZAXX,-0.02
2023,4,12.0,KENXX,TZAXX,0.02
2026,4,12.0,KENXX,TZAXX,-0.12
2027,4,12.0,KENXX,TZAXX,-0.18
2021,4,13.0,KENXX,TZAXX,-0.02
2022,4,13.0,KENXX,TZAXX,-0.02
2023,4,13.0,KENXX,TZAXX,0.02
2026,4,13.0,KENXX,TZAXX,-0.12
2027,4,13.0,KENXX,TZAXX,-0.18
2021,4,14.0,KENXX,TZAXX,-0.02
2022,4,14.0,KENXX,TZAXX,-0.02
2023,4,14.0,KENXX,TZAXX,0.02
2026,4,14.0,KENXX,TZAXX,-0.12
2027,4,14.0,KENXX,TZAXX,-0.18
2021,4,15.0,KENXX,TZAXX,-0.02
2022,4,15.0,KENXX,TZAXX,-0.02
2023,4,15.0,KENXX,TZAXX,0.02
2026,4,15.0,KENXX,TZAXX,-0.12
2027,4,15.0,KENXX,TZAXX,-0.18
2021,4,16.0,KENXX,TZAXX,-0.02
2022,4,16.0,KENXX,TZAXX,-0.02
2023,4,16.0,KENXX,TZAXX,0.02
2026,4,16.0,KENXX,TZAXX,-0.12
2027,4,16.0,KENXX,TZAXX,-0.18
2021,4,17.0,KENXX,TZAXX,-0.02
2022,4,17.0,KENXX,TZAXX,-0.02
2023,4,17.0,KENXX,TZAXX,0.02
2026,4,17.0,KENXX,TZAXX,-0.12
2027,4,17.0,KENXX,TZAXX,-0.18
2021,4,18.0,KENXX,TZAXX,-0.02
2022,4,18.0,KENXX,TZAXX,-0.02
2023,4,18.0,KENXX,TZAXX,0.02
2026,4,18.0,KENXX,TZAXX,-0.12
2027,4,18.0,KENXX,TZAXX,-0.18
2021,4,19.0,KENXX,TZAXX,-0.02
2022,4,19.0,KENXX,TZAXX,-0.02
2023,4,19.0,KENXX,TZAXX,0.02
2026,4,19.0,KENXX,TZAXX,-0.12
2027,4,19.0,KENXX,TZAXX,-0.18
2021,4,20.0,KENXX,TZAXX,-0.01
2022,4,20.0,KENXX,TZAXX,-0.01
2023,4,20.0,KENXX,TZAXX,0.01
2021,4,21.0,KENXX,TZAXX,-0.01
2022,4,21.0,KENXX,TZAXX,-0.01
2023,4,21.0,KENXX,TZAXX,0.01
2021,4,22.0,KENXX,TZAXX,-0.01
2022,4,22.0,KENXX,TZAXX,-0.01
2023,4,22.0,KENXX,TZAXX,0.01
2021,4,23.0,KENXX,TZAXX,-0.01
2022,4,23.0,KENXX,TZAXX,-0.01
2023,4,23.0,KENXX,TZAXX,0.01
2021,4,24.0,KENXX,TZAXX,-0.01
2022,4,24.0,KENXX,TZAXX,-0.01
2023,4,24.0,KENXX,TZAXX,0.01
2021,5,1.0,KENXX,TZAXX,-0.01
2022,5,1.0,KENXX,TZAXX,-0.01
2023,5,1.0,KENXX,TZAXX,0.01
2029,5,1.0,KENXX,TZAXX,-0.03
2021,5,2.0,KENXX,TZAXX,-0.01
2022,5,2.0,KENXX,TZAXX,-0.01
2023,5,2.0,KENXX,TZAXX,0.01
2029,5,2.0,KENXX,TZAXX,-0.03
2021,5,3.0,KENXX,TZAXX,-0.01
2022,5,3.0,KENXX,TZAXX,-0.01
2023,5,3.0,KENXX,TZAXX,0.01
2029,5,3.0,KENXX,TZAXX,-0.03
2021,5,4.0,KENXX,TZAXX,-0.02
2022,5,4.0,KENXX,TZAXX,-0.02
2023,5,4.0,KENXX,TZAXX,0.02
2024,5,4.0,KENXX,TZAXX,-0.25
2025,5,4.0,KENXX,TZAXX,-0.45
2026,5,4.0,KENXX,TZAXX,-0.38
2028,5,4.0,KENXX,TZAXX,-0.12
2021,5,5.0,KENXX,TZAXX,-0.02
2022,5,5.0,KENXX,TZAXX,-0.02
2023,5,5.0,KENXX,TZAXX,0.02
2024,5,5.0,KENXX,TZAXX,-0.25
2025,5,5.0,KENXX,TZAXX,-0.45
2026,5,5.0,KENXX,TZAXX,-0.38
2028,5,5.0,KENXX,TZAXX,-0.12
2021,5,6.0,KENXX,TZAXX,-0.02
2022,5,6.0,KENXX,TZAXX,-0.02
2023,5,6.0,KENXX,TZAXX,0.02
2024,5,6.0,KENXX,TZAXX,-0.25
2025,5,6.0,KENXX,TZAXX,-0.45
2026,5,6.0,KENXX,TZAXX,-0.38
2028,5,6.0,KENXX,TZAXX,-0.12
2021,5,7.0,KENXX,TZAXX,-0.02
2022,5,7.0,KENXX,TZAXX,-0.02
2023,5,7.0,KENXX,TZAXX,0.02
2024,5,7.0,KENXX,TZAXX,-0.25
2025,5,7.0,KENXX,TZAXX,-0.45
2026,5,7.0,KENXX,TZAXX,-0.38
2028,5,7.0,KENXX,TZAXX,-0.12
2021,5,8.0,KENXX,TZAXX,-0.02
2022,5,8.0,KENXX,TZAXX,-0.02
2023,5,8.0,KENXX,TZAXX,0.02
2024,5,8.0,KENXX,TZAXX,-0.25
2025,5,8.0,KENXX,TZAXX,-0.45
2026,5,8.0,KENXX,TZAXX,-0.38
2028,5,8.0,KENXX,TZAXX,-0.12
2021,5,9.0,KENXX,TZAXX,-0.02
2022,5,9.0,KENXX,TZAXX,-0.02
2023,5,9.0,KENXX,TZAXX,0.02
2024,5,9.0,KENXX,TZAXX,-0.25
2025,5,9.0,KENXX,TZAXX,-0.45
2026,5,9.0,KENXX,TZAXX,-0.38
2028,5,9.0,KENXX,TZAXX,-0.12
2021,5,10.0,KENXX,TZAXX,-0.02
2022,5,10.0,KENXX,TZAXX,-0.02
2023,5,10.0,KENXX,TZAXX,0.02
2024,5,10.0,KENXX,TZAXX,-0.25
2025,5,10.0,KENXX,TZAXX,-0.45
2026,5,10.0,KENXX,TZAXX,-0.38
2028,5,10.0,KENXX,TZAXX,-0.12
2021,5,11.0,KENXX,TZAXX,-0.02
2022,5,11.0,KENXX,TZAXX,-0.02
2023,5,11.0,KENXX,TZAXX,0.02
2024,5,11.0,KENXX,TZAXX,-0.25
2025,5,11.0,KENXX,TZAXX,-0.45
2026,5,11.0,KENXX,TZAXX,-0.38
2028,5,11.0,KENXX,TZAXX,-0.12
2021,5,12.0,KENXX,TZAXX,0.01
2022,5,12.0,KENXX,TZAXX,0.0
2023,5,12.0,KENXX,TZAXX,0.02
2025,5,12.0,KENXX,TZAXX,-0.1
2026,5,12.0,KENXX,TZAXX,-0.02
2027,5,12.0,KENXX,TZAXX,-0.1
2030,5,12.0,KENXX,TZAXX,-0.1
2021,5,13.0,KENXX,TZAXX,0.01
2022,5,13.0,KENXX,TZAXX,0.0
2023,5,13.0,KENXX,TZAXX,0.02
2025,5,13.0,KENXX,TZAXX,-0.1
2026,5,13.0,KENXX,TZAXX,-0.02
2027,5,13.0,KENXX,TZAXX,-0.1
2030,5,13.0,KENXX,TZAXX,-0.1
2021,5,14.0,KENXX,TZAXX,0.01
2022,5,14.0,KENXX,TZAXX,0.0
2023,5,14.0,KENXX,TZAXX,0.02
2025,5,14.0,KENXX,TZAXX,-0.1
2026,5,14.0,KENXX,TZAXX,-0.02
2027,5,14.0,KENXX,TZAXX,-0.1
2030,5,14.0,KENXX,TZAXX,-0.1
2021,5,15.0,KENXX,TZAXX,0.01
2022,5,15.0,KENXX,TZAXX,0.0
2023,5,15.0,KENXX,TZAXX,0.02
2025,5,15.0,KENXX,TZAXX,-0.1
2026,5,15.0,KENXX,TZAXX,-0.02
2027,5,15.0,KENXX,TZAXX,-0.1
2030,5,15.0,KENXX,TZAXX,-0.1
2021,5,16.0,KENXX,TZAXX,0.01
2022,5,16.0,KENXX,TZAXX,0.0
2023,5,16.0,KENXX,TZAXX,0.02
2025,5,16.0,KENXX,TZAXX,-0.1
2026,5,16.0,KENXX,TZAXX,-0.02
2027,5,16.0,KENXX,TZAXX,-0.1
2030,5,16.0,KENXX,TZAXX,-0.1
2021,5,17.0,KENXX,TZAXX,0.01
2022,5,17.0,KENXX,TZAXX,0.0
2023,5,17.0,KENXX,TZAXX,0.02
2025,5,17.0,KENXX,TZAXX,-0.1
2026,5,17.0,KENXX,TZAXX,-0.02
2027,5,17.0,KENXX,TZAXX,-0.1
2030,5,17.0,KENXX,TZAXX,-0.1
2021,5,18.0,KENXX,TZAXX,0.01
2022,5,18.0,KENXX,TZAXX,0.0
2023,5,18.0,KENXX,TZAXX,0.02
2025,5,18.0,KENXX,TZAXX,-0.1
2026,5,18.0,KENXX,TZAXX,-0.02
2027,5,18.0,KENXX,TZAXX,-0.1
2030,5,18.0,KENXX,TZAXX,-0.1
2021,5,19.0,KENXX,TZAXX,0.01
2022,5,19.0,KENXX,TZAXX,0.0
2023,5,19.0,KENXX,TZAXX,0.02
2025,5,19.0,KENXX,TZAXX,-0.1
2026,5,19.0,KENXX,TZAXX,-0.02
2027,5,19.0,KENXX,TZAXX,-0.1
2030,5,19.0,KENXX,TZAXX,-0.1
2021,5,20.0,KENXX,TZAXX,-0.01
2022,5,20.0,KENXX,TZAXX,-0.01
2023,5,20.0,KENXX,TZAXX,0.01
2029,5,20.0,KENXX,TZAXX,-0.03
2021,5,21.0,KENXX,TZAXX,-0.01
2022,5,21.0,KENXX,TZAXX,-0.01
2023,5,21.0,KENXX,TZAXX,0.01
2029,5,21.0,KENXX,TZAXX,-0.03
2021,5,22.0,KENXX,TZAXX,-0.01
2022,5,22.0,KENXX,TZAXX,-0.01
2023,5,22.0,KENXX,TZAXX,0.01
2029,5,22.0,KENXX,TZAXX,-0.03
2021,5,23.0,KENXX,TZAXX,-0.01
2022,5,23.0,KENXX,TZAXX,-0.01
2023,5,23.0,KENXX,TZAXX,0.01
2029,5,23.0,KENXX,TZAXX,-0.03
2021,5,24.0,KENXX,TZAXX,-0.01
2022,5,24.0,KENXX,TZAXX,-0.01
2023,5,24.0,KENXX,TZAXX,0.01
2029,5,24.0,KENXX,TZAXX,-0.03
2021,6,1.0,KENXX,TZAXX,-0.01
2022,6,1.0,KENXX,TZAXX,-0.01
2023,6,1.0,KENXX,TZAXX,0.01
2029,6,1.0,KENXX,TZAXX,-0.03
2021,6,2.0,KENXX,TZAXX,-0.01
2022,6,2.0,KENXX,TZAXX,-0.01
2023,6,2.0,KENXX,TZAXX,0.01
2029,6,2.0,KENXX,TZAXX,-0.03
2021,6,3.0,KENXX,TZAXX,-0.01
2022,6,3.0,KENXX,TZAXX,-0.01
2023,6,3.0,KENXX,TZAXX,0.01
2029,6,3.0,KENXX,TZAXX,-0.03
2021,6,4.0,KENXX,TZAXX,-0.02
2022,6,4.0,KENXX,TZAXX,-0.02
2023,6,4.0,KENXX,TZAXX,0.02
2024,6,4.0,KENXX,TZAXX,-0.25
2025,6,4.0,KENXX,TZAXX,-0.45
2026,6,4.0,KENXX,TZAXX,-0.38
2028,6,4.0,KENXX,TZAXX,-0.12
2021,6,5.0,KENXX,TZAXX,-0.02
2022,6,5.0,KENXX,TZAXX,-0.02
2023,6,5.0,KENXX,TZAXX,0.02
2024,6,5.0,KENXX,TZAXX,-0.25
2025,6,5.0,KENXX,TZAXX,-0.45
2026,6,5.0,KENXX,TZAXX,-0.38
2028,6,5.0,KENXX,TZAXX,-0.12
2021,6,6.0,KENXX,TZAXX,-0.02
2022,6,6.0,KENXX,TZAXX,-0.02
2023,6,6.0,KENXX,TZAXX,0.02
2024,6,6.0,KENXX,TZAXX,-0.25
2025,6,6.0,KENXX,TZAXX,-0.45
2026,6,6.0,KENXX,TZAXX,-0.38
2028,6,6.0,KENXX,TZAXX,-0.12
2021,6,7.0,KENXX,TZAXX,-0.02
2022,6,7.0,KENXX,TZAXX,-0.02
2023,6,7.0,KENXX,TZAXX,0.02
2024,6,7.0,KENXX,TZAXX,-0.25
2025,6,7.0,KENXX,TZAXX,-0.45
2026,6,7.0,KENXX,TZAXX,-0.38
2028,6,7.0,KENXX,TZAXX,-0.12
2021,6,8.0,KENXX,TZAXX,-0.02
2022,6,8.0,KENXX,TZAXX,-0.02
2023,6,8.0,KENXX,TZAXX,0.02
2024,6,8.0,KENXX,TZAXX,-0.25
2025,6,8.0,KENXX,TZAXX,-0.45
2026,6,8.0,KENXX,TZAXX,-0.38
2028,6,8.0,KENXX,TZAXX,-0.12
2021,6,9.0,KENXX,TZAXX,-0.02
2022,6,9.0,KENXX,TZAXX,-0.02
2023,6,9.0,KENXX,TZAXX,0.02
2024,6,9.0,KENXX,TZAXX,-0.25
2025,6,9.0,KENXX,TZAXX,-0.45
2026,6,9.0,KENXX,TZAXX,-0.38
2028,6,9.0,KENXX,TZAXX,-0.12
2021,6,10.0,KENXX,TZAXX,-0.02
2022,6,10.0,KENXX,TZAXX,-0.02
2023,6,10.0,KENXX,TZAXX,0.02
2024,6,10.0,KENXX,TZAXX,-0.25
2025,6,10.0,KENXX,TZAXX,-0.45
2026,6,10.0,KENXX,TZAXX,-0.38
2028,6,10.0,KENXX,TZAXX,-0.12
2021,6,11.0,KENXX,TZAXX,-0.02
2022,6,11.0,KENXX,TZAXX,-0.02
2023,6,11.0,KENXX,TZAXX,0.02
2024,6,11.0,KENXX,TZAXX,-0.25
2025,6,11.0,KENXX,TZAXX,-0.45
2026,6,11.0,KENXX,TZAXX,-0.38
2028,6,11.0,KENXX,TZAXX,-0.12
2021,6,12.0,KENXX,TZAXX,0.01
2022,6,12.0,KENXX,TZAXX,0.0
2023,6,12.0,KENXX,TZAXX,0.02
2025,6,12.0,KENXX,TZAXX,-0.1
2026,6,12.0,KENXX,TZAXX,-0.02
2027,6,12.0,KENXX,TZAXX,-0.1
2030,6,12.0,KENXX,TZAXX,-0.1
2021,6,13.0,KENXX,TZAXX,0.01
2022,6,13.0,KENXX,TZAXX,0.0
2023,6,13.0,KENXX,TZAXX,0.02
2025,6,13.0,KENXX,TZAXX,-0.1
2026,6,13.0,KENXX,TZAXX,-0.02
2027,6,13.0,KENXX,TZAXX,-0.1
2030,6,13.0,KENXX,TZAXX,-0.1
2021,6,14.0,KENXX,TZAXX,0.01
2022,6,14.0,KENXX,TZAXX,0.0
2023,6,14.0,KENXX,TZAXX,0.02
2025,6,14.0,KENXX,TZAXX,-0.1
2026,6,14.0,KENXX,TZAXX,-0.02
2027,6,14.0,KENXX,TZAXX,-0.1
2030,6,14.0,KENXX,TZAXX,-0.1
2021,6,15.0,KENXX,TZAXX,0.01
2022,6,15.0,KENXX,TZAXX,0.0
2023,6,15.0,KENXX,TZAXX,0.02
2025,6,15.0,KENXX,TZAXX,-0.1
2026,6,15.0,KENXX,TZAXX,-0.02
2027,6,15.0,KENXX,TZAXX,-0.1
2030,6,15.0,KENXX,TZAXX,-0.1
2021,6,16.0,KENXX,TZAXX,0.01
2022,6,16.0,KENXX,TZAXX,0.0
2023,6,16.0,KENXX,TZAXX,0.02
2025,6,16.0,KENXX,TZAXX,-0.1
2026,6,16.0,KENXX,TZAXX,-0.02
2027,6,16.0,KENXX,TZAXX,-0.1
2030,6,16.0,KENXX,TZAXX,-0.1
2021,6,17.0,KENXX,TZAXX,0.01
2022,6,17.0,KENXX,TZAXX,0.0
2023,6,17.0,KENXX,TZAXX,0.02
2025,6,17.0,KENXX,TZAXX,-0.1
2026,6,17.0,KENXX,TZAXX,-0.02
2027,6,17.0,KENXX,TZAXX,-0.1
2030,6,17.0,KENXX,TZAXX,-0.1
2021,6,18.0,KENXX,TZAXX,0.01
2022,6,18.0,KENXX,TZAXX,0.0
2023,6,18.0,KENXX,TZAXX,0.02
2025,6,18.0,KENXX,TZAXX,-0.1
2026,6,18.0,KENXX,TZAXX,-0.02
2027,6,18.0,KENXX,TZAXX,-0.1
2030,6,18.0,KENXX,TZAXX,-0.1
2021,6,19.0,KENXX,TZAXX,0.01
2022,6,19.0,KENXX,TZAXX,0.0
2023,6,19.0,KENXX,TZAXX,0.02
2025,6,19.0,KENXX,TZAXX,-0.1
2026,6,19.0,KENXX,TZAXX,-0.02
2027,6,19.0,KENXX,TZAXX,-0.1
2030,6,19.0,KENXX,TZAXX,-0.1
2021,6,20.0,KENXX,TZAXX,-0.01
2022,6,20.0,KENXX,TZAXX,-0.01
2023,6,20.0,KENXX,TZAXX,0.01
2029,6,20.0,KENXX,TZAXX,-0.03
2021,6,21.0,KENXX,TZAXX,-0.01
2022,6,21.0,KENXX,TZAXX,-0.01
2023,6,21.0,KENXX,TZAXX,0.01
2029,6,21.0,KENXX,TZAXX,-0.03
2021,6,22.0,KENXX,TZAXX,-0.01
2022,6,22.0,KENXX,TZAXX,-0.01
2023,6,22.0,KENXX,TZAXX,0.01
2029,6,22.0,KENXX,TZAXX,-0.03
2021,6,23.0,KENXX,TZAXX,-0.01
2022,6,23.0,KENXX,TZAXX,-0.01
2023,6,23.0,KENXX,TZAXX,0.01
2029,6,23.0,KENXX,TZAXX,-0.03
2021,6,24.0,KENXX,TZAXX,-0.01
2022,6,24.0,KENXX,TZAXX,-0.01
2023,6,24.0,KENXX,TZAXX,0.01
2029,6,24.0,KENXX,TZAXX,-0.03
2021,7,1.0,KENXX,TZAXX,-0.01
2022,7,1.0,KENXX,TZAXX,-0.01
2023,7,1.0,KENXX,TZAXX,0.01
2029,7,1.0,KENXX,TZAXX,-0.03
2021,7,2.0,KENXX,TZAXX,-0.01
2022,7,2.0,KENXX,TZAXX,-0.01
2023,7,2.0,KENXX,TZAXX,0.01
2029,7,2.0,KENXX,TZAXX,-0.03
2021,7,3.0,KENXX,TZAXX,-0.01
2022,7,3.0,KENXX,TZAXX,-0.01
2023,7,3.0,KENXX,TZAXX,0.01
2029,7,3.0,KENXX,TZAXX,-0.03
2021,7,4.0,KENXX,TZAXX,-0.02
2022,7,4.0,KENXX,TZAXX,-0.02
2023,7,4.0,KENXX,TZAXX,0.02
2024,7,4.0,KENXX,TZAXX,-0.25
2025,7,4.0,KENXX,TZAXX,-0.45
2026,7,4.0,KENXX,TZAXX,-0.38
2028,7,4.0,KENXX,TZAXX,-0.12
2021,7,5.0,KENXX,TZAXX,-0.02
2022,7,5.0,KENXX,TZAXX,-0.02
2023,7,5.0,KENXX,TZAXX,0.02
2024,7,5.0,KENXX,TZAXX,-0.25
2025,7,5.0,KENXX,TZAXX,-0.45
2026,7,5.0,KENXX,TZAXX,-0.38
2028,7,5.0,KENXX,TZAXX,-0.12
2021,7,6.0,KENXX,TZAXX,-0.02
2022,7,6.0,KENXX,TZAXX,-0.02
2023,7,6.0,KENXX,TZAXX,0.02
2024,7,6.0,KENXX,TZAXX,-0.25
2025,7,6.0,KENXX,TZAXX,-0.45
2026,7,6.0,KENXX,TZAXX,-0.38
2028,7,6.0,KENXX,TZAXX,-0.12
2021,7,7.0,KENXX,TZAXX,-0.02
2022,7,7.0,KENXX,TZAXX,-0.02
2023,7,7.0,KENXX,TZAXX,0.02
2024,7,7.0,KENXX,TZAXX,-0.25
2025,7,7.0,KENXX,TZAXX,-0.45
2026,7,7.0,KENXX,TZAXX,-0.38
2028,7,7.0,KENXX,TZAXX,-0.12
2021,7,8.0,KENXX,TZAXX,-0.02
2022,7,8.0,KENXX,TZAXX,-0.02
2023,7,8.0,KENXX,TZAXX,0.02
2024,7,8.0,KENXX,TZAXX,-0.25
2025,7,8.0,KENXX,TZAXX,-0.45
2026,7,8.0,KENXX,TZAXX,-0.38
2028,7,8.0,KENXX,TZAXX,-0.12
2021,7,9.0,KENXX,TZAXX,-0.02
2022,7,9.0,KENXX,TZAXX,-0.02
2023,7,9.0,KENXX,TZAXX,0.02
2024,7,9.0,KENXX,TZAXX,-0.25
2025,7,9.0,KENXX,TZAXX,-0.45
2026,7,9.0,KENXX,TZAXX,-0.38
2028,7,9.0,KENXX,TZAXX,-0.12
2021,7,10.0,KENXX,TZAXX,-0.02
2022,7,10.0,KENXX,TZAXX,-0.02
2023,7,10.0,KENXX,TZAXX,0.02
2024,7,10.0,KENXX,TZAXX,-0.25
2025,7,10.0,KENXX,TZAXX,-0.45
2026,7,10.0,KENXX,TZAXX,-0.38
2028,7,10.0,KENXX,TZAXX,-0.12
2021,7,11.0,KENXX,TZAXX,-0.02
2022,7,11.0,KENXX,TZAXX,-0.02
2023,7,11.0,KENXX,TZAXX,0.02
2024,7,11.0,KENXX,TZAXX,-0.25
2025,7,11.0,KENXX,TZAXX,-0.45
2026,7,11.0,KENXX,TZAXX,-0.38
2028,7,11.0,KENXX,TZAXX,-0.12
2021,7,12.0,KENXX,TZAXX,0.01
2022,7,12.0,KENXX,TZAXX,0.0
2023,7,12.0,KENXX,TZAXX,0.02
2025,7,12.0,KENXX,TZAXX,-0.1
2026,7,12.0,KENXX,TZAXX,-0.02
2027,7,12.0,KENXX,TZAXX,-0.1
2030,7,12.0,KENXX,TZAXX,-0.1
2021,7,13.0,KENXX,TZAXX,0.01
2022,7,13.0,KENXX,TZAXX,0.0
2023,7,13.0,KENXX,TZAXX,0.02
2025,7,13.0,KENXX,TZAXX,-0.1
2026,7,13.0,KENXX,TZAXX,-0.02
2027,7,13.0,KENXX,TZAXX,-0.1
2030,7,13.0,KENXX,TZAXX,-0.1
2021,7,14.0,KENXX,TZAXX,0.01
2022,7,14.0,KENXX,TZAXX,0.0
2023,7,14.0,KENXX,TZAXX,0.02
2025,7,14.0,KENXX,TZAXX,-0.1
2026,7,14.0,KENXX,TZAXX,-0.02
2027,7,14.0,KENXX,TZAXX,-0.1
2030,7,14.0,KENXX,TZAXX,-0.1
2021,7,15.0,KENXX,TZAXX,0.01
2022,7,15.0,KENXX,TZAXX,0.0
2023,7,15.0,KENXX,TZAXX,0.02
2025,7,15.0,KENXX,TZAXX,-0.1
2026,7,15.0,KENXX,TZAXX,-0.02
2027,7,15.0,KENXX,TZAXX,-0.1
2030,7,15.0,KENXX,TZAXX,-0.1
2021,7,16.0,KENXX,TZAXX,0.01
2022,7,16.0,KENXX,TZAXX,0.0
2023,7,16.0,KENXX,TZAXX,0.02
2025,7,16.0,KENXX,TZAXX,-0.1
2026,7,16.0,KENXX,TZAXX,-0.02
2027,7,16.0,KENXX,TZAXX,-0.1
2030,7,16.0,KENXX,TZAXX,-0.1
2021,7,17.0,KENXX,TZAXX,0.01
2022,7,17.0,KENXX,TZAXX,0.0
2023,7,17.0,KENXX,TZAXX,0.02
2025,7,17.0,KENXX,TZAXX,-0.1
2026,7,17.0,KENXX,TZAXX,-0.02
2027,7,17.0,KENXX,TZAXX,-0.1
2030,7,17.0,KENXX,TZAXX,-0.1
2021,7,18.0,KENXX,TZAXX,0.01
2022,7,18.0,KENXX,TZAXX,0.0
2023,7,18.0,KENXX,TZAXX,0.02
2025,7,18.0,KENXX,TZAXX,-0.1
2026,7,18.0,KENXX,TZAXX,-0.02
2027,7,18.0,KENXX,TZAXX,-0.1
2030,7,18.0,KENXX,TZAXX,-0.1
2021,7,19.0,KENXX,TZAXX,0.01
2022,7,19.0,KENXX,TZAXX,0.0
2023,7,19.0,KENXX,TZAXX,0.02
2025,7,19.0,KENXX,TZAXX,-0.1
2026,7,19.0,KENXX,TZAXX,-0.02
2027,7,19.0,KENXX,TZAXX,-0.1
2030,7,19.0,KENXX,TZAXX,-0.1
2021,7,20.0,KENXX,TZAXX,-0.01
2022,7,20.0,KENXX,TZAXX,-0.01
2023,7,20.0,KENXX,TZAXX,0.01
2029,7,20.0,KENXX,TZAXX,-0.03
2021,7,21.0,KENXX,TZAXX,-0.01
2022,7,21.0,KENXX,TZAXX,-0.01
2023,7,21.0,KENXX,TZAXX,0.01
2029,7,21.0,KENXX,TZAXX,-0.03
2021,7,22.0,KENXX,TZAXX,-0.01
2022,7,22.0,KENXX,TZAXX,-0.01
2023,7,22.0,KENXX,TZAXX,0.01
2029,7,22.0,KENXX,TZAXX,-0.03
2021,7,23.0,KENXX,TZAXX,-0.01
2022,7,23.0,KENXX,TZAXX,-0.01
2023,7,23.0,KENXX,TZAXX,0.01
2029,7,23.0,KENXX,TZAXX,-0.03
2021,7,24.0,KENXX,TZAXX,-0.01
2022,7,24.0,KENXX,TZAXX,-0.01
2023,7,24.0,KENXX,TZAXX,0.01
2029,7,24.0,KENXX,TZAXX,-0.03
2021,8,1.0,KENXX,TZAXX,-0.01
2022,8,1.0,KENXX,TZAXX,-0.01
2023,8,1.0,KENXX,TZAXX,0.01
2029,8,1.0,KENXX,TZAXX,-0.03
2021,8,2.0,KENXX,TZAXX,-0.01
2022,8,2.0,KENXX,TZAXX,-0.01
2023,8,2.0,KENXX,TZAXX,0.01
2029,8,2.0,KENXX,TZAXX,-0.03
2021,8,3.0,KENXX,TZAXX,-0.01
2022,8,3.0,KENXX,TZAXX,-0.01
2023,8,3.0,KENXX,TZAXX,0.01
2029,8,3.0,KENXX,TZAXX,-0.03
2021,8,4.0,KENXX,TZAXX,-0.02
2022,8,4.0,KENXX,TZAXX,-0.02
2023,8,4.0,KENXX,TZAXX,0.02
2024,8,4.0,KENXX,TZAXX,-0.25
2025,8,4.0,KENXX,TZAXX,-0.45
2026,8,4.0,KENXX,TZAXX,-0.38
2028,8,4.0,KENXX,TZAXX,-0.12
2021,8,5.0,KENXX,TZAXX,-0.02
2022,8,5.0,KENXX,TZAXX,-0.02
2023,8,5.0,KENXX,TZAXX,0.02
2024,8,5.0,KENXX,TZAXX,-0.25
2025,8,5.0,KENXX,TZAXX,-0.45
2026,8,5.0,KENXX,TZAXX,-0.38
2028,8,5.0,KENXX,TZAXX,-0.12
2021,8,6.0,KENXX,TZAXX,-0.02
2022,8,6.0,KENXX,TZAXX,-0.02
2023,8,6.0,KENXX,TZAXX,0.02
2024,8,6.0,KENXX,TZAXX,-0.25
2025,8,6.0,KENXX,TZAXX,-0.45
2026,8,6.0,KENXX,TZAXX,-0.38
2028,8,6.0,KENXX,TZAXX,-0.12
2021,8,7.0,KENXX,TZAXX,-0.02
2022,8,7.0,KENXX,TZAXX,-0.02
2023,8,7.0,KENXX,TZAXX,0.02
2024,8,7.0,KENXX,TZAXX,-0.25
2025,8,7.0,KENXX,TZAXX,-0.45
2026,8,7.0,KENXX,TZAXX,-0.38
2028,8,7.0,KENXX,TZAXX,-0.12
2021,8,8.0,KENXX,TZAXX,-0.02
2022,8,8.0,KENXX,TZAXX,-0.02
2023,8,8.0,KENXX,TZAXX,0.02
2024,8,8.0,KENXX,TZAXX,-0.25
2025,8,8.0,KENXX,TZAXX,-0.45
2026,8,8.0,KENXX,TZAXX,-0.38
2028,8,8.0,KENXX,TZAXX,-0.12
2021,8,9.0,KENXX,TZAXX,-0.02
2022,8,9.0,KENXX,TZAXX,-0.02
2023,8,9.0,KENXX,TZAXX,0.02
2024,8,9.0,KENXX,TZAXX,-0.25
2025,8,9.0,KENXX,TZAXX,-0.45
2026,8,9.0,KENXX,TZAXX,-0.38
2028,8,9.0,KENXX,TZAXX,-0.12
2021,8,10.0,KENXX,TZAXX,-0.02
2022,8,10.0,KENXX,TZAXX,-0.02
2023,8,10.0,KENXX,TZAXX,0.02
2024,8,10.0,KENXX,TZAXX,-0.25
2025,8,10.0,KENXX,TZAXX,-0.45
2026,8,10.0,KENXX,TZAXX,-0.38
2028,8,10.0,KENXX,TZAXX,-0.12
2021,8,11.0,KENXX,TZAXX,-0.02
2022,8,11.0,KENXX,TZAXX,-0.02
2023,8,11.0,KENXX,TZAXX,0.02
2024,8,11.0,KENXX,TZAXX,-0.25
2025,8,11.0,KENXX,TZAXX,-0.45
2026,8,11.0,KENXX,TZAXX,-0.38
2028,8,11.0,KENXX,TZAXX,-0.12
2021,8,12.0,KENXX,TZAXX,0.01
2022,8,12.0,KENXX,TZAXX,0.0
2023,8,12.0,KENXX,TZAXX,0.02
2025,8,12.0,KENXX,TZAXX,-0.1
2026,8,12.0,KENXX,TZAXX,-0.02
2027,8,12.0,KENXX,TZAXX,-0.1
2030,8,12.0,KENXX,TZAXX,-0.1
2021,8,13.0,KENXX,TZAXX,0.01
2022,8,13.0,KENXX,TZAXX,0.0
2023,8,13.0,KENXX,TZAXX,0.02
2025,8,13.0,KENXX,TZAXX,-0.1
2026,8,13.0,KENXX,TZAXX,-0.02
2027,8,13.0,KENXX,TZAXX,-0.1
2030,8,13.0,KENXX,TZAXX,-0.1
2021,8,14.0,KENXX,TZAXX,0.01
2022,8,14.0,KENXX,TZAXX,0.0
2023,8,14.0,KENXX,TZAXX,0.02
2025,8,14.0,KENXX,TZAXX,-0.1
2026,8,14.0,KENXX,TZAXX,-0.02
2027,8,14.0,KENXX,TZAXX,-0.1
2030,8,14.0,KENXX,TZAXX,-0.1
2021,8,15.0,KENXX,TZAXX,0.01
2022,8,15.0,KENXX,TZAXX,0.0
2023,8,15.0,KENXX,TZAXX,0.02
2025,8,15.0,KENXX,TZAXX,-0.1
2026,8,15.0,KENXX,TZAXX,-0.02
2027,8,15.0,KENXX,TZAXX,-0.1
2030,8,15.0,KENXX,TZAXX,-0.1
2021,8,16.0,KENXX,TZAXX,0.01
2022,8,16.0,KENXX,TZAXX,0.0
2023,8,16.0,KENXX,TZAXX,0.02
2025,8,16.0,KENXX,TZAXX,-0.1
2026,8,16.0,KENXX,TZAXX,-0.02
2027,8,16.0,KENXX,TZAXX,-0.1
2030,8,16.0,KENXX,TZAXX,-0.1
2021,8,17.0,KENXX,TZAXX,0.01
2022,8,17.0,KENXX,TZAXX,0.0
2023,8,17.0,KENXX,TZAXX,0.02
2025,8,17.0,KENXX,TZAXX,-0.1
2026,8,17.0,KENXX,TZAXX,-0.02
2027,8,17.0,KENXX,TZAXX,-0.1
2030,8,17.0,KENXX,TZAXX,-0.1
2021,8,18.0,KENXX,TZAXX,0.01
2022,8,18.0,KENXX,TZAXX,0.0
2023,8,18.0,KENXX,TZAXX,0.02
2025,8,18.0,KENXX,TZAXX,-0.1
2026,8,18.0,KENXX,TZAXX,-0.02
2027,8,18.0,KENXX,TZAXX,-0.1
2030,8,18.0,KENXX,TZAXX,-0.1
2021,8,19.0,KENXX,TZAXX,0.01
2022,8,19.0,KENXX,TZAXX,0.0
2023,8,19.0,KENXX,TZAXX,0.02
2025,8,19.0,KENXX,TZAXX,-0.1
2026,8,19.0,KENXX,TZAXX,-0.02
2027,8,19.0,KENXX,TZAXX,-0.1
2030,8,19.0,KENXX,TZAXX,-0.1
2021,8,20.0,KENXX,TZAXX,-0.01
2022,8,20.0,KENXX,TZAXX,-0.01
2023,8,20.0,KENXX,TZAXX,0.01
2029,8,20.0,KENXX,TZAXX,-0.03
2021,8,21.0,KENXX,TZAXX,-0.01
2022,8,21.0,KENXX,TZAXX,-0.01
2023,8,21.0,KENXX,TZAXX,0.01
2029,8,21.0,KENXX,TZAXX,-0.03
2021,8,22.0,KENXX,TZAXX,-0.01
2022,8,22.0,KENXX,TZAXX,-0.01
2023,8,22.0,KENXX,TZAXX,0.01
2029,8,22.0,KENXX,TZAXX,-0.03
2021,8,23.0,KENXX,TZAXX,-0.01
2022,8,23.0,KENXX,TZAXX,-0.01
2023,8,23.0,KENXX,TZAXX,0.01
2029,8,23.0,KENXX,TZAXX,-0.03
2021,8,24.0,KENXX,TZAXX,-0.01
2022,8,24.0,KENXX,TZAXX,-0.01
2023,8,24.0,KENXX,TZAXX,0.01
2029,8,24.0,KENXX,TZAXX,-0.03
2021,9,1.0,KENXX,TZAXX,-0.01
2022,9,1.0,KENXX,TZAXX,-0.01
2023,9,1.0,KENXX,TZAXX,0.01
2021,9,2.0,KENXX,TZAXX,-0.01
2022,9,2.0,KENXX,TZAXX,-0.01
2023,9,2.0,KENXX,TZAXX,0.01
2021,9,3.0,KENXX,TZAXX,-0.01
2022,9,3.0,KENXX,TZAXX,-0.01
2023,9,3.0,KENXX,TZAXX,0.01
2021,9,4.0,KENXX,TZAXX,-0.02
2022,9,4.0,KENXX,TZAXX,-0.02
2023,9,4.0,KENXX,TZAXX,0.02
2025,9,4.0,KENXX,TZAXX,-0.07
2026,9,4.0,KENXX,TZAXX,-0.06
2027,9,4.0,KENXX,TZAXX,-0.24
2028,9,4.0,KENXX,TZAXX,-0.36
2029,9,4.0,KENXX,TZAXX,-0.38
2031,9,4.0,KENXX,TZAXX,-0.32
2021,9,5.0,KENXX,TZAXX,-0.02
2022,9,5.0,KENXX,TZAXX,-0.02
2023,9,5.0,KENXX,TZAXX,0.02
2025,9,5.0,KENXX,TZAXX,-0.07
2026,9,5.0,KENXX,TZAXX,-0.06
2027,9,5.0,KENXX,TZAXX,-0.24
2028,9,5.0,KENXX,TZAXX,-0.36
2029,9,5.0,KENXX,TZAXX,-0.38
2031,9,5.0,KENXX,TZAXX,-0.32
2021,9,6.0,KENXX,TZAXX,-0.02
2022,9,6.0,KENXX,TZAXX,-0.02
2023,9,6.0,KENXX,TZAXX,0.02
2025,9,6.0,KENXX,TZAXX,-0.07
2026,9,6.0,KENXX,TZAXX,-0.06
2027,9,6.0,KENXX,TZAXX,-0.24
2028,9,6.0,KENXX,TZAXX,-0.36
2029,9,6.0,KENXX,TZAXX,-0.38
2031,9,6.0,KENXX,TZAXX,-0.32
2021,9,7.0,KENXX,TZAXX,-0.02
2022,9,7.0,KENXX,TZAXX,-0.02
2023,9,7.0,KENXX,TZAXX,0.02
2025,9,7.0,KENXX,TZAXX,-0.07
2026,9,7.0,KENXX,TZAXX,-0.06
2027,9,7.0,KENXX,TZAXX,-0.24
2028,9,7.0,KENXX,TZAXX,-0.36
2029,9,7.0,KENXX,TZAXX,-0.38
2031,9,7.0,KENXX,TZAXX,-0.32
2021,9,8.0,KENXX,TZAXX,-0.02
2022,9,8.0,KENXX,TZAXX,-0.02
2023,9,8.0,KENXX,TZAXX,0.02
2025,9,8.0,KENXX,TZAXX,-0.07
2026,9,8.0,KENXX,TZAXX,-0.06
2027,9,8.0,KENXX,TZAXX,-0.24
2028,9,8.0,KENXX,TZAXX,-0.36
2029,9,8.0,KENXX,TZAXX,-0.38
2031,9,8.0,KENXX,TZAXX,-0.32
2021,9,9.0,KENXX,TZAXX,-0.02
2022,9,9.0,KENXX,TZAXX,-0.02
2023,9,9.0,KENXX,TZAXX,0.02
2025,9,9.0,KENXX,TZAXX,-0.07
2026,9,9.0,KENXX,TZAXX,-0.06
2027,9,9.0,KENXX,TZAXX,-0.24
2028,9,9.0,KENXX,TZAXX,-0.36
2029,9,9.0,KENXX,TZAXX,-0.38
2031,9,9.0,KENXX,TZAXX,-0.32
2021,9,10.0,KENXX,TZAXX,-0.02
2022,9,10.0,KENXX,TZAXX,-0.02
2023,9,10.0,KENXX,TZAXX,0.02
2025,9,10.0,KENXX,TZAXX,-0.07
2026,9,10.0,KENXX,TZAXX,-0.06
2027,9,10.0,KENXX,TZAXX,-0.24
2028,9,10.0,KENXX,TZAXX,-0.36
2029,9,10.0,KENXX,TZAXX,-0.38
2031,9,10.0,KENXX,TZAXX,-0.32
2021,9,11.0,KENXX,TZAXX,-0.02
2022,9,11.0,KENXX,TZAXX,-0.02
2023,9,11.0,KENXX,TZAXX,0.02
2025,9,11.0,KENXX,TZAXX,-0.07
2026,9,11.0,KENXX,TZAXX,-0.06
2027,9,11.0,KENXX,TZAXX,-0.24
2028,9,11.0,KENXX,TZAXX,-0.36
2029,9,11.0,KENXX,TZAXX,-0.38
2031,9,11.0,KENXX,TZAXX,-0.32
2021,9,12.0,KENXX,TZAXX,0.02
2022,9,12.0,KENXX,TZAXX,0.02
2023,9,12.0,KENXX,TZAXX,0.02
2024,9,12.0,KENXX,TZAXX,0.05
2021,9,13.0,KENXX,TZAXX,0.02
2022,9,13.0,KENXX,TZAXX,0.02
2023,9,13.0,KENXX,TZAXX,0.02
2024,9,13.0,KENXX,TZAXX,0.05
2021,9,14.0,KENXX,TZAXX,0.02
2022,9,14.0,KENXX,TZAXX,0.02
2023,9,14.0,KENXX,TZAXX,0.02
2024,9,14.0,KENXX,TZAXX,0.05
2021,9,15.0,KENXX,TZAXX,0.02
2022,9,15.0,KENXX,TZAXX,0.02
2023,9,15.0,KENXX,TZAXX,0.02
2024,9,15.0,KENXX,TZAXX,0.05
2021,9,16.0,KENXX,TZAXX,0.02
2022,9,16.0,KENXX,TZAXX,0.02
2023,9,16.0,KENXX,TZAXX,0.02
2024,9,16.0,KENXX,TZAXX,0.05
2021,9,17.0,KENXX,TZAXX,0.02
2022,9,17.0,KENXX,TZAXX,0.02
2023,9,17.0,KENXX,TZAXX,0.02
2024,9,17.0,KENXX,TZAXX,0.05
2021,9,18.0,KENXX,TZAXX,0.02
2022,9,18.0,KENXX,TZAXX,0.02
2023,9,18.0,KENXX,TZAXX,0.02
2024,9,18.0,KENXX,TZAXX,0.05
2021,9,19.0,KENXX,TZAXX,0.02
2022,9,19.0,KENXX,TZAXX,0.02
2023,9,19.0,KENXX,TZAXX,0.02
2024,9,19.0,KENXX,TZAXX,0.05
2021,9,20.0,KENXX,TZAXX,-0.01
2022,9,20.0,KENXX,TZAXX,-0.01
2023,9,20.0,KENXX,TZAXX,0.01
2021,9,21.0,KENXX,TZAXX,-0.01
2022,9,21.0,KENXX,TZAXX,-0.01
2023,9,21.0,KENXX,TZAXX,0.01
2021,9,22.0,KENXX,TZAXX,-0.01
2022,9,22.0,KENXX,TZAXX,-0.01
2023,9,22.0,KENXX,TZAXX,0.01
2021,9,23.0,KENXX,TZAXX,-0.01
2022,9,23.0,KENXX,TZAXX,-0.01
2023,9,23.0,KENXX,TZAXX,0.01
2021,9,24.0,KENXX,TZAXX,-0.01
2022,9,24.0,KENXX,TZAXX,-0.01
2023,9,24.0,KENXX,TZAXX,0.01
2021,10,1.0,KENXX,TZAXX,-0.01
2022,10,1.0,KENXX,TZAXX,-0.01
2023,10,1.0,KENXX,TZAXX,0.01
2021,10,2.0,KENXX,TZAXX,-0.01
2022,10,2.0,KENXX,TZAXX,-0.01
2023,10,2.0,KENXX,TZAXX,0.01
2021,10,3.0,KENXX,TZAXX,-0.01
2022,10,3.0,KENXX,TZAXX,-0.01
2023,10,3.0,KENXX,TZAXX,0.01
2021,10,4.0,KENXX,TZAXX,-0.02
2022,10,4.0,KENXX,TZAXX,-0.02
2023,10,4.0,KENXX,TZAXX,0.02
2025,10,4.0,KENXX,TZAXX,-0.07
2026,10,4.0,KENXX,TZAXX,-0.06
2027,10,4.0,KENXX,TZAXX,-0.24
2028,10,4.0,KENXX,TZAXX,-0.36
2029,10,4.0,KENXX,TZAXX,-0.38
2031,10,4.0,KENXX,TZAXX,-0.32
2021,10,5.0,KENXX,TZAXX,-0.02
2022,10,5.0,KENXX,TZAXX,-0.02
2023,10,5.0,KENXX,TZAXX,0.02
2025,10,5.0,KENXX,TZAXX,-0.07
2026,10,5.0,KENXX,TZAXX,-0.06
2027,10,5.0,KENXX,TZAXX,-0.24
2028,10,5.0,KENXX,TZAXX,-0.36
2029,10,5.0,KENXX,TZAXX,-0.38
2031,10,5.0,KENXX,TZAXX,-0.32
2021,10,6.0,KENXX,TZAXX,-0.02
2022,10,6.0,KENXX,TZAXX,-0.02
2023,10,6.0,KENXX,TZAXX,0.02
2025,10,6.0,KENXX,TZAXX,-0.07
2026,10,6.0,KENXX,TZAXX,-0.06
2027,10,6.0,KENXX,TZAXX,-0.24
2028,10,6.0,KENXX,TZAXX,-0.36
2029,10,6.0,KENXX,TZAXX,-0.38
2031,10,6.0,KENXX,TZAXX,-0.32
2021,10,7.0,KENXX,TZAXX,-0.02
2022,10,7.0,KENXX,TZAXX,-0.02
2023,10,7.0,KENXX,TZAXX,0.02
2025,10,7.0,KENXX,TZAXX,-0.07
2026,10,7.0,KENXX,TZAXX,-0.06
2027,10,7.0,KENXX,TZAXX,-0.24
2028,10,7.0,KENXX,TZAXX,-0.36
2029,10,7.0,KENXX,TZAXX,-0.38
2031,10,7.0,KENXX,TZAXX,-0.32
2021,10,8.0,KENXX,TZAXX,-0.02
2022,10,8.0,KENXX,TZAXX,-0.02
2023,10,8.0,KENXX,TZAXX,0.02
2025,10,8.0,KENXX,TZAXX,-0.07
2026,10,8.0,KENXX,TZAXX,-0.06
2027,10,8.0,KENXX,TZAXX,-0.24
2028,10,8.0,KENXX,TZAXX,-0.36
2029,10,8.0,KENXX,TZAXX,-0.38
2031,10,8.0,KENXX,TZAXX,-0.32
2021,10,9.0,KENXX,TZAXX,-0.02
2022,10,9.0,KENXX,TZAXX,-0.02
2023,10,9.0,KENXX,TZAXX,0.02
2025,10,9.0,KENXX,TZAXX,-0.07
2026,10,9.0,KENXX,TZAXX,-0.06
2027,10,9.0,KENXX,TZAXX,-0.24
2028,10,9.0,KENXX,TZAXX,-0.36
2029,10,9.0,KENXX,TZAXX,-0.38
2031,10,9.0,KENXX,TZAXX,-0.32
2021,10,10.0,KENXX,TZAXX,-0.02
2022,10,10.0,KENXX,TZAXX,-0.02
2023,10,10.0,KENXX,TZAXX,0.02
2025,10,10.0,KENXX,TZAXX,-0.07
2026,10,10.0,KENXX,TZAXX,-0.06
2027,10,10.0,KENXX,TZAXX,-0.24
2028,10,10.0,KENXX,TZAXX,-0.36
2029,10,10.0,KENXX,TZAXX,-0.38
2031,10,10.0,KENXX,TZAXX,-0.32
2021,10,11.0,KENXX,TZAXX,-0.02
2022,10,11.0,KENXX,TZAXX,-0.02
2023,10,11.0,KENXX,TZAXX,0.02
2025,10,11.0,KENXX,TZAXX,-0.07
2026,10,11.0,KENXX,TZAXX,-0.06
2027,10,11.0,KENXX,TZAXX,-0.24
2028,10,11.0,KENXX,TZAXX,-0.36
2029,10,11.0,KENXX,TZAXX,-0.38
2031,10,11.0,KENXX,TZAXX,-0.32
2021,10,12.0,KENXX,TZAXX,0.02
2022,10,12.0,KENXX,TZAXX,0.02
2023,10,12.0,KENXX,TZAXX,0.02
2024,10,12.0,KENXX,TZAXX,0.05
2021,10,13.0,KENXX,TZAXX,0.02
2022,10,13.0,KENXX,TZAXX,0.02
2023,10,13.0,KENXX,TZAXX,0.02
2024,10,13.0,KENXX,TZAXX,0.05
2021,10,14.0,KENXX,TZAXX,0.02
2022,10,14.0,KENXX,TZAXX,0.02
2023,10,14.0,KENXX,TZAXX,0.02
2024,10,14.0,KENXX,TZAXX,0.05
2021,10,15.0,KENXX,TZAXX,0.02
2022,10,15.0,KENXX,TZAXX,0.02
2023,10,15.0,KENXX,TZAXX,0.02
2024,10,15.0,KENXX,TZAXX,0.05
2021,10,16.0,KENXX,TZAXX,0.02
2022,10,16.0,KENXX,TZAXX,0.02
2023,10,16.0,KENXX,TZAXX,0.02
2024,10,16.0,KENXX,TZAXX,0.05
2021,10,17.0,KENXX,TZAXX,0.02
2022,10,17.0,KENXX,TZAXX,0.02
2023,10,17.0,KENXX,TZAXX,0.02
2024,10,17.0,KENXX,TZAXX,0.05
2021,10,18.0,KENXX,TZAXX,0.02
2022,10,18.0,KENXX,TZAXX,0.02
2023,10,18.0,KENXX,TZAXX,0.02
2024,10,18.0,KENXX,TZAXX,0.05
2021,10,19.0,KENXX,TZAXX,0.02
2022,10,19.0,KENXX,TZAXX,0.02
2023,10,19.0,KENXX,TZAXX,0.02
2024,10,19.0,KENXX,TZAXX,0.05
2021,10,20.0,KENXX,TZAXX,-0.01
2022,10,20.0,KENXX,TZAXX,-0.01
2023,10,20.0,KENXX,TZAXX,0.01
2021,10,21.0,KENXX,TZAXX,-0.01
2022,10,21.0,KENXX,TZAXX,-0.01
2023,10,21.0,KENXX,TZAXX,0.01
2021,10,22.0,KENXX,TZAXX,-0.01
2022,10,22.0,KENXX,TZAXX,-0.01
2023,10,22.0,KENXX,TZAXX,0.01
2021,10,23.0,KENXX,TZAXX,-0.01
2022,10,23.0,KENXX,TZAXX,-0.01
2023,10,23.0,KENXX,TZAXX,0.01
2021,10,24.0,KENXX,TZAXX,-0.01
2022,10,24.0,KENXX,TZAXX,-0.01
2023,10,24.0,KENXX,TZAXX,0.01
2021,11,1.0,KENXX,TZAXX,-0.01
2022,11,1.0,KENXX,TZAXX,-0.01
2023,11,1.0,KENXX,TZAXX,0.01
2021,11,2.0,KENXX,TZAXX,-0.01
2022,11,2.0,KENXX,TZAXX,-0.01
2023,11,2.0,KENXX,TZAXX,0.01
2021,11,3.0,KENXX,TZAXX,-0.01
2022,11,3.0,KENXX,TZAXX,-0.01
2023,11,3.0,KENXX,TZAXX,0.01
2021,11,4.0,KENXX,TZAXX,-0.02
2022,11,4.0,KENXX,TZAXX,-0.02
2023,11,4.0,KENXX,TZAXX,0.02
2025,11,4.0,KENXX,TZAXX,-0.07
2026,11,4.0,KENXX,TZAXX,-0.06
2027,11,4.0,KENXX,TZAXX,-0.24
2028,11,4.0,KENXX,TZAXX,-0.36
2029,11,4.0,KENXX,TZAXX,-0.38
2031,11,4.0,KENXX,TZAXX,-0.32
2021,11,5.0,KENXX,TZAXX,-0.02
2022,11,5.0,KENXX,TZAXX,-0.02
2023,11,5.0,KENXX,TZAXX,0.02
2025,11,5.0,KENXX,TZAXX,-0.07
2026,11,5.0,KENXX,TZAXX,-0.06
2027,11,5.0,KENXX,TZAXX,-0.24
2028,11,5.0,KENXX,TZAXX,-0.36
2029,11,5.0,KENXX,TZAXX,-0.38
2031,11,5.0,KENXX,TZAXX,-0.32
2021,11,6.0,KENXX,TZAXX,-0.02
2022,11,6.0,KENXX,TZAXX,-0.02
2023,11,6.0,KENXX,TZAXX,0.02
2025,11,6.0,KENXX,TZAXX,-0.07
2026,11,6.0,KENXX,TZAXX,-0.06
2027,11,6.0,KENXX,TZAXX,-0.24
2028,11,6.0,KENXX,TZAXX,-0.36
2029,11,6.0,KENXX,TZAXX,-0.38
2031,11,6.0,KENXX,TZAXX,-0.32
2021,11,7.0,KENXX,TZAXX,-0.02
2022,11,7.0,KENXX,TZAXX,-0.02
2023,11,7.0,KENXX,TZAXX,0.02
2025,11,7.0,KENXX,TZAXX,-0.07
2026,11,7.0,KENXX,TZAXX,-0.06
2027,11,7.0,KENXX,TZAXX,-0.24
2028,11,7.0,KENXX,TZAXX,-0.36
2029,11,7.0,KENXX,TZAXX,-0.38
2031,11,7.0,KENXX,TZAXX,-0.32
2021,11,8.0,KENXX,TZAXX,-0.02
2022,11,8.0,KENXX,TZAXX,-0.02
2023,11,8.0,KENXX,TZAXX,0.02
2025,11,8.0,KENXX,TZAXX,-0.07
2026,11,8.0,KENXX,TZAXX,-0.06
2027,11,8.0,KENXX,TZAXX,-0.24
2028,11,8.0,KENXX,TZAXX,-0.36
2029,11,8.0,KENXX,TZAXX,-0.38
2031,11,8.0,KENXX,TZAXX,-0.32
2021,11,9.0,KENXX,TZAXX,-0.02
2022,11,9.0,KENXX,TZAXX,-0.02
2023,11,9.0,KENXX,TZAXX,0.02
2025,11,9.0,KENXX,TZAXX,-0.07
2026,11,9.0,KENXX,TZAXX,-0.06
2027,11,9.0,KENXX,TZAXX,-0.24
2028,11,9.0,KENXX,TZAXX,-0.36
2029,11,9.0,KENXX,TZAXX,-0.38
2031,11,9.0,KENXX,TZAXX,-0.32
2021,11,10.0,KENXX,TZAXX,-0.02
2022,11,10.0,KENXX,TZAXX,-0.02
2023,11,10.0,KENXX,TZAXX,0.02
2025,11,10.0,KENXX,TZAXX,-0.07
2026,11,10.0,KENXX,TZAXX,-0.06
2027,11,10.0,KENXX,TZAXX,-0.24
2028,11,10.0,KENXX,TZAXX,-0.36
2029,11,10.0,KENXX,TZAXX,-0.38
2031,11,10.0,KENXX,TZAXX,-0.32
2021,11,11.0,KENXX,TZAXX,-0.02
2022,11,11.0,KENXX,TZAXX,-0.02
2023,11,11.0,KENXX,TZAXX,0.02
2025,11,11.0,KENXX,TZAXX,-0.07
2026,11,11.0,KENXX,TZAXX,-0.06
2027,11,11.0,KENXX,TZAXX,-0.24
2028,11,11.0,KENXX,TZAXX,-0.36
2029,11,11.0,KENXX,TZAXX,-0.38
2031,11,11.0,KENXX,TZAXX,-0.32
2021,11,12.0,KENXX,TZAXX,0.02
2022,11,12.0,KENXX,TZAXX,0.02
2023,11,12.0,KENXX,TZAXX,0.02
2024,11,12.0,KENXX,TZAXX,0.05
2021,11,13.0,KENXX,TZAXX,0.02
2022,11,13.0,KENXX,TZAXX,0.02
2023,11,13.0,KENXX,TZAXX,0.02
2024,11,13.0,KENXX,TZAXX,0.05
2021,11,14.0,KENXX,TZAXX,0.02
2022,11,14.0,KENXX,TZAXX,0.02
2023,11,14.0,KENXX,TZAXX,0.02
2024,11,14.0,KENXX,TZAXX,0.05
2021,11,15.0,KENXX,TZAXX,0.02
2022,11,15.0,KENXX,TZAXX,0.02
2023,11,15.0,KENXX,TZAXX,0.02
2024,11,15.0,KENXX,TZAXX,0.05
2021,11,16.0,KENXX,TZAXX,0.02
2022,11,16.0,KENXX,TZAXX,0.02
2023,11,16.0,KENXX,TZAXX,0.02
2024,11,16.0,KENXX,TZAXX,0.05
2021,11,17.0,KENXX,TZAXX,0.02
2022,11,17.0,KENXX,TZAXX,0.02
2023,11,17.0,KENXX,TZAXX,0.02
2024,11,17.0,KENXX,TZAXX,0.05
2021,11,18.0,KENXX,TZAXX,0.02
2022,11,18.0,KENXX,TZAXX,0.02
2023,11,18.0,KENXX,TZAXX,0.02
2024,11,18.0,KENXX,TZAXX,0.05
2021,11,19.0,KENXX,TZAXX,0.02
2022,11,19.0,KENXX,TZAXX,0.02
2023,11,19.0,KENXX,TZAXX,0.02
2024,11,19.0,KENXX,TZAXX,0.05
2021,11,20.0,KENXX,TZAXX,-0.01
2022,11,20.0,KENXX,TZAXX,-0.01
2023,11,20.0,KENXX,TZAXX,0.01
2021,11,21.0,KENXX,TZAXX,-0.01
2022,11,21.0,KENXX,TZAXX,-0.01
2023,11,21.0,KENXX,TZAXX,0.01
2021,11,22.0,KENXX,TZAXX,-0.01
2022,11,22.0,KENXX,TZAXX,-0.01
2023,11,22.0,KENXX,TZAXX,0.01
2021,11,23.0,KENXX,TZAXX,-0.01
2022,11,23.0,KENXX,TZAXX,-0.01
2023,11,23.0,KENXX,TZAXX,0.01
2021,11,24.0,KENXX,TZAXX,-0.01
2022,11,24.0,KENXX,TZAXX,-0.01
2023,11,24.0,KENXX,TZAXX,0.01
2021,12,1.0,KENXX,TZAXX,-0.01
2022,12,1.0,KENXX,TZAXX,-0.01
2023,12,1.0,KENXX,TZAXX,0.01
2021,12,2.0,KENXX,TZAXX,-0.01
2022,12,2.0,KENXX,TZAXX,-0.01
2023,12,2.0,KENXX,TZAXX,0.01
2021,12,3.0,KENXX,TZAXX,-0.01
2022,12,3.0,KENXX,TZAXX,-0.01
2023,12,3.0,KENXX,TZAXX,0.01
2021,12,4.0,KENXX,TZAXX,-0.02
2022,12,4.0,KENXX,TZAXX,-0.02
2023,12,4.0,KENXX,TZAXX,0.02
2025,12,4.0,KENXX,TZAXX,-0.07
2026,12,4.0,KENXX,TZAXX,-0.06
2027,12,4.0,KENXX,TZAXX,-0.24
2028,12,4.0,KENXX,TZAXX,-0.36
2029,12,4.0,KENXX,TZAXX,-0.38
2031,12,4.0,KENXX,TZAXX,-0.32
2021,12,5.0,KENXX,TZAXX,-0.02
2022,12,5.0,KENXX,TZAXX,-0.02
2023,12,5.0,KENXX,TZAXX,0.02
2025,12,5.0,KENXX,TZAXX,-0.07
2026,12,5.0,KENXX,TZAXX,-0.06
2027,12,5.0,KENXX,TZAXX,-0.24
2028,12,5.0,KENXX,TZAXX,-0.36
2029,12,5.0,KENXX,TZAXX,-0.38
2031,12,5.0,KENXX,TZAXX,-0.32
2021,12,6.0,KENXX,TZAXX,-0.02
2022,12,6.0,KENXX,TZAXX,-0.02
2023,12,6.0,KENXX,TZAXX,0.02
2025,12,6.0,KENXX,TZAXX,-0.07
2026,12,6.0,KENXX,TZAXX,-0.06
2027,12,6.0,KENXX,TZAXX,-0.24
2028,12,6.0,KENXX,TZAXX,-0.36
2029,12,6.0,KENXX,TZAXX,-0.38
2031,12,6.0,KENXX,TZAXX,-0.32
2021,12,7.0,KENXX,TZAXX,-0.02
2022,12,7.0,KENXX,TZAXX,-0.02
2023,12,7.0,KENXX,TZAXX,0.02
2025,12,7.0,KENXX,TZAXX,-0.07
2026,12,7.0,KENXX,TZAXX,-0.06
2027,12,7.0,KENXX,TZAXX,-0.24
2028,12,7.0,KENXX,TZAXX,-0.36
2029,12,7.0,KENXX,TZAXX,-0.38
2031,12,7.0,KENXX,TZAXX,-0.32
2021,12,8.0,KENXX,TZAXX,-0.02
2022,12,8.0,KENXX,TZAXX,-0.02
2023,12,8.0,KENXX,TZAXX,0.02
2025,12,8.0,KENXX,TZAXX,-0.07
2026,12,8.0,KENXX,TZAXX,-0.06
2027,12,8.0,KENXX,TZAXX,-0.24
2028,12,8.0,KENXX,TZAXX,-0.36
2029,12,8.0,KENXX,TZAXX,-0.38
2031,12,8.0,KENXX,TZAXX,-0.32
2021,12,9.0,KENXX,TZAXX,-0.02
2022,12,9.0,KENXX,TZAXX,-0.02
2023,12,9.0,KENXX,TZAXX,0.02
2025,12,9.0,KENXX,TZAXX,-0.07
2026,12,9.0,KENXX,TZAXX,-0.06
2027,12,9.0,KENXX,TZAXX,-0.24
2028,12,9.0,KENXX,TZAXX,-0.36
2029,12,9.0,KENXX,TZAXX,-0.38
2031,12,9.0,KENXX,TZAXX,-0.32
2021,12,10.0,KENXX,TZAXX,-0.02
2022,12,10.0,KENXX,TZAXX,-0.02
2023,12,10.0,KENXX,TZAXX,0.02
2025,12,10.0,KENXX,TZAXX,-0.07
2026,12,10.0,KENXX,TZAXX,-0.06
2027,12,10.0,KENXX,TZAXX,-0.24
2028,12,10.0,KENXX,TZAXX,-0.36
2029,12,10.0,KENXX,TZAXX,-0.38
2031,12,10.0,KENXX,TZAXX,-0.32
2021,12,11.0,KENXX,TZAXX,-0.02
2022,12,11.0,KENXX,TZAXX,-0.02
2023,12,11.0,KENXX,TZAXX,0.02
2025,12,11.0,KENXX,TZAXX,-0.07
2026,12,11.0,KENXX,TZAXX,-0.06
2027,12,11.0,KENXX,TZAXX,-0.24
2028,12,11.0,KENXX,TZAXX,-0.36
2029,12,11.0,KENXX,TZAXX,-0.38
2031,12,11.0,KENXX,TZAXX,-0.32
2021,12,12.0,KENXX,TZAXX,0.02
2022,12,12.0,KENXX,TZAXX,0.02
2023,12,12.0,KENXX,TZAXX,0.02
2024,12,12.0,KENXX,TZAXX,0.05
2021,12,13.0,KENXX,TZAXX,0.02
2022,12,13.0,KENXX,TZAXX,0.02
2023,12,13.0,KENXX,TZAXX,0.02
2024,12,13.0,KENXX,TZAXX,0.05
2021,12,14.0,KENXX,TZAXX,0.02
2022,12,14.0,KENXX,TZAXX,0.02
2023,12,14.0,KENXX,TZAXX,0.02
2024,12,14.0,KENXX,TZAXX,0.05
2021,12,15.0,KENXX,TZAXX,0.02
2022,12,15.0,KENXX,TZAXX,0.02
2023,12,15.0,KENXX,TZAXX,0.02
2024,12,15.0,KENXX,TZAXX,0.05
2021,12,16.0,KENXX,TZAXX,0.02
2022,12,16.0,KENXX,TZAXX,0.02
2023,12,16.0,KENXX,TZAXX,0.02
2024,12,16.0,KENXX,TZAXX,0.05
2021,12,17.0,KENXX,TZAXX,0.02
2022,12,17.0,KENXX,TZAXX,0.02
2023,12,17.0,KENXX,TZAXX,0.02
2024,12,17.0,KENXX,TZAXX,0.05
2021,12,18.0,KENXX,TZAXX,0.02
2022,12,18.0,KENXX,TZAXX,0.02
2023,12,18.0,KENXX,TZAXX,0.02
2024,12,18.0,KENXX,TZAXX,0.05
2021,12,19.0,KENXX,TZAXX,0.02
2022,12,19.0,KENXX,TZAXX,0.02
2023,12,19.0,KENXX,TZAXX,0.02
2024,12,19.0,KENXX,TZAXX,0.05
2021,12,20.0,KENXX,TZAXX,-0.01
2022,12,20.0,KENXX,TZAXX,-0.01
2023,12,20.0,KENXX,TZAXX,0.01
2021,12,21.0,KENXX,TZAXX,-0.01
2022,12,21.0,KENXX,TZAXX,-0.01
2023,12,21.0,KENXX,TZAXX,0.01
2021,12,22.0,KENXX,TZAXX,-0.01
2022,12,22.0,KENXX,TZAXX,-0.01
2023,12,22.0,KENXX,TZAXX,0.01
2021,12,23.0,KENXX,TZAXX,-0.01
2022,12,23.0,KENXX,TZAXX,-0.01
2023,12,23.0,KENXX,TZAXX,0.01
2021,12,24.0,KENXX,TZAXX,-0.01
2022,12,24.0,KENXX,TZAXX,-0.01
2023,12,24.0,KENXX,TZAXX,0.01
